# Made in Blockbench 5.2.1
mtllib ender_dragon.mtl

o body
v 1.1314173582959484 4.433713491183042 2.746177997168515
v 1.1304233596895528 4.3811073010939445 -1.8160186065226365
v 1.091275130938954 2.309234010674048 2.770683883788929
v 1.0902811323325583 2.25662782058495 -1.7915127199022225
v -1.119175095421507 4.423613662522946 -1.8160186065226365
v -1.1181810968151114 4.476219852612044 2.746177997168515
v -1.1593173227785014 2.299134182013951 -1.7915127199022225
v -1.1583233241721058 2.3517403721030488 2.770683883788929
vt 0.142578125 0.1328125
vt 0.212890625 0.1328125
vt 0.212890625 0.06640625
vt 0.142578125 0.06640625
vt 0 0.1328125
vt 0.142578125 0.1328125
vt 0.142578125 0.06640625
vt 0 0.06640625
vt 0.35546875 0.1328125
vt 0.42578125 0.1328125
vt 0.42578125 0.06640625
vt 0.35546875 0.06640625
vt 0.212890625 0.1328125
vt 0.35546875 0.1328125
vt 0.35546875 0.06640625
vt 0.212890625 0.06640625
vt 0.212890625 0.1328125
vt 0.142578125 0.1328125
vt 0.142578125 0.275390625
vt 0.212890625 0.275390625
vt 0.283203125 0.275390625
vt 0.212890625 0.275390625
vt 0.212890625 0.1328125
vt 0.283203125 0.1328125
vn -0.0002178627082510728 -0.011530123855144644 -0.9999335021788825
vn 0.9998215356049156 -0.018891716190667127 -5.421010862427523e-20
vn 0.0002178627082510728 0.011530123855144644 0.9999335021788825
vn -0.9998215356049156 0.018891716190667127 5.421010862427523e-20
vn 0.018890459932703274 0.9997550496512915 -0.011532181939018395
vn -0.018890459932703274 -0.9997550496512915 0.011532181939018395
usemtl m_ee04ce41-02b6-1ab6-19bd-0add19eeaf47
f 4/4/1 7/3/1 5/2/1 2/1/1
f 3/8/2 4/7/2 2/6/2 1/5/2
f 8/12/3 3/11/3 1/10/3 6/9/3
f 7/16/4 8/15/4 6/14/4 5/13/4
f 6/20/5 1/19/5 2/18/5 5/17/5
f 7/24/6 4/23/6 3/22/6 8/21/6
o body_fin
v 0.020785975689946057 5.204782959136011 2.737528860714251
v 0.019791977083550544 5.152176769046914 -1.8246677429769003
v 0.006618130740418601 4.454966671897543 2.746177997168515
v 0.005624132134023088 4.402360481808445 -1.8160186065226365
v 0.019791977083550544 5.152176769046914 -1.8246677429769003
v 0.020785975689946057 5.204782959136011 2.737528860714251
v 0.005624132134023088 4.402360481808445 -1.8160186065226365
v 0.006618130740418601 4.454966671897543 2.746177997168515
vt 0.142578125 0.0625
vt 0.142578125 0.0625
vt 0.142578125 0.0390625
vt 0.142578125 0.0390625
vt 0 0.0625
vt 0.142578125 0.0625
vt 0.142578125 0.0390625
vt 0 0.0390625
vt 0.28515625 0.0625
vt 0.28515625 0.0625
vt 0.28515625 0.0390625
vt 0.28515625 0.0390625
vt 0.142578125 0.0625
vt 0.28515625 0.0625
vt 0.28515625 0.0390625
vt 0.142578125 0.0390625
vt 0.142578125 0.0625
vt 0.142578125 0.0625
vt 0.142578125 0.205078125
vt 0.142578125 0.205078125
vt 0.142578125 0.205078125
vt 0.142578125 0.205078125
vt 0.142578125 0.0625
vt 0.142578125 0.0625
vn -0.0002178627082510728 -0.011530123855144644 -0.9999335021788825
vn 0.9998215356049156 -0.018891716190667127 -5.421010862427523e-20
vn 0.0002178627082510728 0.011530123855144644 0.9999335021788825
vn -0.9998215356049156 0.018891716190667127 5.421010862427523e-20
vn 0.018890459932703274 0.9997550496512915 -0.011532181939018395
vn -0.018890459932703274 -0.9997550496512915 0.011532181939018395
usemtl m_ee04ce41-02b6-1ab6-19bd-0add19eeaf47
f 12/28/7 15/27/7 13/26/7 10/25/7
f 11/32/8 12/31/8 10/30/8 9/29/8
f 16/36/9 11/35/9 9/34/9 14/33/9
f 15/40/10 16/39/10 14/38/10 13/37/10
f 14/44/11 9/43/11 10/42/11 13/41/11
f 15/48/12 12/47/12 11/46/12 16/45/12
o upperleg_right
v 1.5021073578609943 4.202069348463352 1.556246598005881
v 1.4774513437772496 2.897179225495903 0.4865222886852525
v 1.478156035722988 2.934474205803965 3.103059090997248
v 1.4535000216392437 1.629584082836515 2.0333347816766194
v 0.47762980817233414 2.91607094168657 0.4865222886852525
v 0.5022858222560785 4.22096106465402 1.556246598005881
v 0.4536784860343279 1.6484757990271819 2.0333347816766194
v 0.4783345001180723 2.953365921994632 3.103059090997248
vt 0.486328125 0.10546875
vt 0.517578125 0.10546875
vt 0.517578125 0.04296875
vt 0.486328125 0.04296875
vt 0.43359375 0.10546875
vt 0.486328125 0.10546875
vt 0.486328125 0.04296875
vt 0.43359375 0.04296875
vt 0.5703125 0.10546875
vt 0.6015625 0.10546875
vt 0.6015625 0.04296875
vt 0.5703125 0.04296875
vt 0.517578125 0.10546875
vt 0.5703125 0.10546875
vt 0.5703125 0.04296875
vt 0.517578125 0.04296875
vt 0.517578125 0.10546875
vt 0.486328125 0.10546875
vt 0.486328125 0.158203125
vt 0.517578125 0.158203125
vt 0.548828125 0.158203125
vt 0.517578125 0.158203125
vt 0.517578125 0.10546875
vt 0.548828125 0.10546875
vn -0.01461097130888559 -0.773268221017748 -0.6339107018196318
vn 0.9998215356049156 -0.01889171619066712 1.7347234759768075e-18
vn 0.01461097130888559 0.773268221017748 0.6339107018196318
vn -0.9998215356049156 0.01889171619066712 -1.7347234759768075e-18
vn 0.011975661069003095 0.6337975713296938 -0.7734062464956835
vn -0.011975661069003095 -0.6337975713296938 0.7734062464956835
usemtl m_ee04ce41-02b6-1ab6-19bd-0add19eeaf47
f 20/52/13 23/51/13 21/50/13 18/49/13
f 19/56/14 20/55/14 18/54/14 17/53/14
f 24/60/15 19/59/15 17/58/15 22/57/15
f 23/64/16 24/63/16 22/62/16 21/61/16
f 22/68/17 17/67/17 18/66/17 21/65/17
f 23/72/18 20/71/18 19/70/18 24/69/18
o lowerleg_right
v 1.35568560724889 3.069529597864958 2.4385018142386974
v 1.342316302821354 2.361975114841758 2.19013129414242
v 1.343173219580124 2.4073264117272206 4.32565055782619
v 1.329803915152588 1.69977192870402 4.077280037729913
v 0.5924501511176675 2.3761439019847583 2.19013129414242
v 0.6058194555452034 3.0836983850079585 2.4385018142386974
v 0.5799377634489016 1.7139407158470203 4.077280037729913
v 0.5933070678764375 2.421495198870221 4.32565055782619
vt 0.76171875 0.134765625
vt 0.78515625 0.134765625
vt 0.78515625 0.072265625
vt 0.76171875 0.072265625
vt 0.73828125 0.134765625
vt 0.76171875 0.134765625
vt 0.76171875 0.072265625
vt 0.73828125 0.072265625
vt 0.80859375 0.134765625
vt 0.83203125 0.134765625
vt 0.83203125 0.072265625
vt 0.80859375 0.072265625
vt 0.78515625 0.134765625
vt 0.80859375 0.134765625
vt 0.80859375 0.072265625
vt 0.78515625 0.072265625
vt 0.78515625 0.134765625
vt 0.76171875 0.134765625
vt 0.76171875 0.158203125
vt 0.78515625 0.158203125
vt 0.80859375 0.158203125
vt 0.78515625 0.158203125
vt 0.78515625 0.134765625
vt 0.80859375 0.134765625
vn -0.017825739236714485 -0.9434059773642673 -0.33116069346170335
vn 0.9998215356049156 -0.01889171619066712 -8.673617379884037e-19
vn 0.017825739236714485 0.9434059773642673 0.33116069346170335
vn -0.9998215356049156 0.01889171619066712 8.673617379884037e-19
vn 0.006256193834383012 0.3311015930688688 -0.9435743717937467
vn -0.006256193834383012 -0.3311015930688688 0.9435743717937467
usemtl m_ee04ce41-02b6-1ab6-19bd-0add19eeaf47
f 28/76/19 31/75/19 29/74/19 26/73/19
f 27/80/20 28/79/20 26/78/20 25/77/20
f 32/84/21 27/83/21 25/82/21 30/81/21
f 31/88/22 32/87/22 30/86/22 29/85/22
f 30/92/23 25/91/23 26/90/23 29/89/23
f 31/96/24 28/95/24 27/94/24 32/93/24
o foot_right
v 1.5227338908579136 1.9853756567857885 3.817091352167556
v 1.507498871948444 1.1790804611930834 4.295173146176645
v 1.5263466050852514 2.1765742461581565 4.1396669986722605
v 1.5111115861757818 1.3702790505654516 4.61774879268135
v 0.3826996443929139 1.200333641907584 4.295173146176645
v 0.3979346633023835 2.0066288375002888 3.817091352167556
v 0.38631235862025176 1.3915322312799523 4.61774879268135
v 0.40154737752972136 2.1978274268726574 4.1396669986722605
vt 0.634765625 0.12890625
vt 0.669921875 0.12890625
vt 0.669921875 0.1171875
vt 0.634765625 0.1171875
vt 0.60546875 0.12890625
vt 0.634765625 0.12890625
vt 0.634765625 0.1171875
vt 0.60546875 0.1171875
vt 0.69921875 0.12890625
vt 0.734375 0.12890625
vt 0.734375 0.1171875
vt 0.69921875 0.1171875
vt 0.669921875 0.12890625
vt 0.69921875 0.12890625
vt 0.69921875 0.1171875
vt 0.669921875 0.1171875
vt 0.669921875 0.12890625
vt 0.634765625 0.12890625
vt 0.634765625 0.158203125
vt 0.669921875 0.158203125
vt 0.705078125 0.158203125
vt 0.669921875 0.158203125
vt 0.669921875 0.12890625
vt 0.705078125 0.12890625
vn -0.01625068683676758 -0.860048208632219 0.5099539136096954
vn 0.9998215356049156 -0.01889171619066712 0
vn 0.01625068683676758 0.860048208632219 -0.5099539136096954
vn -0.9998215356049156 0.01889171619066712 0
vn -0.009633904606234343 -0.5098629049929819 -0.8602017240125456
vn 0.009633904606234343 0.5098629049929819 0.8602017240125456
usemtl m_ee04ce41-02b6-1ab6-19bd-0add19eeaf47
f 36/100/25 39/99/25 37/98/25 34/97/25
f 35/104/26 36/103/26 34/102/26 33/101/26
f 40/108/27 35/107/27 33/106/27 38/105/27
f 39/112/28 40/111/28 38/110/28 37/109/28
f 38/116/29 33/115/29 34/114/29 37/113/29
f 39/120/30 36/119/30 35/118/30 40/117/30
o foot_right_toe1
v 1.4494862465717373 1.4171598270905073 4.082049940422832
v 1.4342512276622676 0.610864631497802 4.560131734431921
v 1.4524968417611854 1.576491984900814 4.3508629791767515
v 1.4372618228517158 0.7701967893081089 4.828944773185841
v 1.1842958437610387 0.6155875605454688 4.560131734431921
v 1.1995308626705083 1.421882756138174 4.082049940422832
v 1.1873064389504868 0.7749197183557757 4.828944773185841
v 1.2025414578599565 1.5812149139484808 4.3508629791767515
vt 0.810546875 0.0390625
vt 0.818359375 0.0390625
vt 0.818359375 0.029296875
vt 0.810546875 0.029296875
vt 0.78125 0.0390625
vt 0.810546875 0.0390625
vt 0.810546875 0.029296875
vt 0.78125 0.029296875
vt 0.84765625 0.0390625
vt 0.85546875 0.0390625
vt 0.85546875 0.029296875
vt 0.84765625 0.029296875
vt 0.818359375 0.0390625
vt 0.84765625 0.0390625
vt 0.84765625 0.029296875
vt 0.818359375 0.029296875
vt 0.818359375 0.0390625
vt 0.810546875 0.0390625
vt 0.810546875 0.068359375
vt 0.818359375 0.068359375
vt 0.826171875 0.068359375
vt 0.818359375 0.068359375
vt 0.818359375 0.0390625
vt 0.826171875 0.0390625
vn -0.01625068683676758 -0.860048208632219 0.5099539136096954
vn 0.9998215356049156 -0.01889171619066712 0
vn 0.01625068683676758 0.860048208632219 -0.5099539136096954
vn -0.9998215356049156 0.01889171619066712 0
vn -0.009633904606234343 -0.5098629049929819 -0.8602017240125456
vn 0.009633904606234343 0.5098629049929819 0.8602017240125456
usemtl m_ee04ce41-02b6-1ab6-19bd-0add19eeaf47
f 44/124/31 47/123/31 45/122/31 42/121/31
f 43/128/32 44/127/32 42/126/32 41/125/32
f 48/132/33 43/131/33 41/130/33 46/129/33
f 47/136/34 48/135/34 46/134/34 45/133/34
f 46/140/35 41/139/35 42/138/35 45/137/35
f 47/144/36 44/143/36 43/142/36 48/141/36
o foot_right_claw1
v 1.4413244945609076 0.9852088414661636 4.7014562947834175
v 1.4372618228517158 0.7701967893081089 4.828944773185841
v 1.442528732636687 1.0489417045902862 4.808981510284985
v 1.438466060927495 0.8339296524322316 4.936469988687409
v 1.1873064389504868 0.7749197183557757 4.828944773185841
v 1.1913691106596787 0.9899317705138304 4.7014562947834175
v 1.1885106770262661 0.8386525814798984 4.936469988687409
v 1.192573348735458 1.0536646336379532 4.808981510284985
vt 0.71875 0.10546875
vt 0.7109375 0.10546875
vt 0.7109375 0.1015625
vt 0.71875 0.1015625
vt 0.7265625 0.10546875
vt 0.71875 0.10546875
vt 0.71875 0.1015625
vt 0.7265625 0.1015625
vt 0.734375 0.10546875
vt 0.7265625 0.10546875
vt 0.7265625 0.1015625
vt 0.734375 0.1015625
vt 0.7109375 0.10546875
vt 0.703125 0.10546875
vt 0.703125 0.1015625
vt 0.7109375 0.1015625
vt 0.7109375 0.10546875
vt 0.71875 0.10546875
vt 0.71875 0.11328125
vt 0.7109375 0.11328125
vt 0.71875 0.11328125
vt 0.7265625 0.11328125
vt 0.7265625 0.10546875
vt 0.71875 0.10546875
vn -0.01625068683676758 -0.860048208632219 0.5099539136096954
vn 0.9998215356049156 -0.01889171619066712 0
vn 0.01625068683676758 0.860048208632219 -0.5099539136096954
vn -0.9998215356049156 0.01889171619066712 0
vn -0.009633904606234343 -0.5098629049929819 -0.8602017240125456
vn 0.009633904606234343 0.5098629049929819 0.8602017240125456
usemtl m_ee04ce41-02b6-1ab6-19bd-0add19eeaf47
f 52/148/37 55/147/37 53/146/37 50/145/37
f 51/152/38 52/151/38 50/150/38 49/149/38
f 56/156/39 51/155/39 49/154/39 54/153/39
f 55/160/40 56/159/40 54/158/40 53/157/40
f 54/164/41 49/163/41 50/162/41 53/161/41
f 55/168/42 52/167/42 51/166/42 56/165/42
o foot_right_toe2
v 1.0745531707198936 1.4242442206620074 4.082049940422832
v 1.059318151810424 0.6179490250693022 4.560131734431921
v 1.0775637659093418 1.5835763784723142 4.3508629791767515
v 1.0623287469998721 0.7772811828796091 4.828944773185841
v 0.809362767909195 0.622671954116969 4.560131734431921
v 0.8245977868186646 1.428967149709674 4.082049940422832
v 0.8123733630986433 0.7820041119272758 4.828944773185841
v 0.8276083820081128 1.588299307519981 4.3508629791767515
vt 0.810546875 0.0390625
vt 0.818359375 0.0390625
vt 0.818359375 0.029296875
vt 0.810546875 0.029296875
vt 0.78125 0.0390625
vt 0.810546875 0.0390625
vt 0.810546875 0.029296875
vt 0.78125 0.029296875
vt 0.84765625 0.0390625
vt 0.85546875 0.0390625
vt 0.85546875 0.029296875
vt 0.84765625 0.029296875
vt 0.818359375 0.0390625
vt 0.84765625 0.0390625
vt 0.84765625 0.029296875
vt 0.818359375 0.029296875
vt 0.818359375 0.0390625
vt 0.810546875 0.0390625
vt 0.810546875 0.068359375
vt 0.818359375 0.068359375
vt 0.826171875 0.068359375
vt 0.818359375 0.068359375
vt 0.818359375 0.0390625
vt 0.826171875 0.0390625
vn -0.01625068683676758 -0.860048208632219 0.5099539136096954
vn 0.9998215356049156 -0.01889171619066712 0
vn 0.01625068683676758 0.860048208632219 -0.5099539136096954
vn -0.9998215356049156 0.01889171619066712 0
vn -0.009633904606234343 -0.5098629049929819 -0.8602017240125456
vn 0.009633904606234343 0.5098629049929819 0.8602017240125456
usemtl m_ee04ce41-02b6-1ab6-19bd-0add19eeaf47
f 60/172/43 63/171/43 61/170/43 58/169/43
f 59/176/44 60/175/44 58/174/44 57/173/44
f 64/180/45 59/179/45 57/178/45 62/177/45
f 63/184/46 64/183/46 62/182/46 61/181/46
f 62/188/47 57/187/47 58/186/47 61/185/47
f 63/192/48 60/191/48 59/190/48 64/189/48
o foot_right_claw2
v 1.066391418709064 0.9922932350376638 4.7014562947834175
v 1.0623287469998721 0.7772811828796091 4.828944773185841
v 1.0675956567848432 1.0560260981617864 4.808981510284985
v 1.0635329850756514 0.8410140460037319 4.936469988687409
v 0.8123733630986433 0.7820041119272758 4.828944773185841
v 0.8164360348078351 0.9970161640853306 4.7014562947834175
v 0.8135776011744226 0.8457369750513986 4.936469988687409
v 0.8176402728836144 1.0607490272094533 4.808981510284985
vt 0.71875 0.10546875
vt 0.7109375 0.10546875
vt 0.7109375 0.1015625
vt 0.71875 0.1015625
vt 0.7265625 0.10546875
vt 0.71875 0.10546875
vt 0.71875 0.1015625
vt 0.7265625 0.1015625
vt 0.734375 0.10546875
vt 0.7265625 0.10546875
vt 0.7265625 0.1015625
vt 0.734375 0.1015625
vt 0.7109375 0.10546875
vt 0.703125 0.10546875
vt 0.703125 0.1015625
vt 0.7109375 0.1015625
vt 0.7109375 0.10546875
vt 0.71875 0.10546875
vt 0.71875 0.11328125
vt 0.7109375 0.11328125
vt 0.71875 0.11328125
vt 0.7265625 0.11328125
vt 0.7265625 0.10546875
vt 0.71875 0.10546875
vn -0.01625068683676758 -0.860048208632219 0.5099539136096954
vn 0.9998215356049156 -0.01889171619066712 0
vn 0.01625068683676758 0.860048208632219 -0.5099539136096954
vn -0.9998215356049156 0.01889171619066712 0
vn -0.009633904606234343 -0.5098629049929819 -0.8602017240125456
vn 0.009633904606234343 0.5098629049929819 0.8602017240125456
usemtl m_ee04ce41-02b6-1ab6-19bd-0add19eeaf47
f 68/196/49 71/195/49 69/194/49 66/193/49
f 67/200/50 68/199/50 66/198/50 65/197/50
f 72/204/51 67/203/51 65/202/51 70/201/51
f 71/208/52 72/207/52 70/206/52 69/205/52
f 70/212/53 65/211/53 66/210/53 69/209/53
f 71/216/54 68/215/54 67/214/54 72/213/54
o foot_right_toe3
v 0.6996200948680501 1.4313286142335075 4.082049940422832
v 0.6843850759585806 0.6250334186408024 4.560131734431921
v 0.7026306900574983 1.5906607720438144 4.3508629791767515
v 0.6873956711480288 0.7843655764511093 4.828944773185841
v 0.4344296920573516 0.6297563476884691 4.560131734431921
v 0.44966471096682126 1.4360515432811742 4.082049940422832
v 0.43744028724679984 0.789088505498776 4.828944773185841
v 0.4526753061562695 1.595383701091481 4.3508629791767515
vt 0.810546875 0.0390625
vt 0.818359375 0.0390625
vt 0.818359375 0.029296875
vt 0.810546875 0.029296875
vt 0.78125 0.0390625
vt 0.810546875 0.0390625
vt 0.810546875 0.029296875
vt 0.78125 0.029296875
vt 0.84765625 0.0390625
vt 0.85546875 0.0390625
vt 0.85546875 0.029296875
vt 0.84765625 0.029296875
vt 0.818359375 0.0390625
vt 0.84765625 0.0390625
vt 0.84765625 0.029296875
vt 0.818359375 0.029296875
vt 0.818359375 0.0390625
vt 0.810546875 0.0390625
vt 0.810546875 0.068359375
vt 0.818359375 0.068359375
vt 0.826171875 0.068359375
vt 0.818359375 0.068359375
vt 0.818359375 0.0390625
vt 0.826171875 0.0390625
vn -0.01625068683676758 -0.860048208632219 0.5099539136096954
vn 0.9998215356049156 -0.01889171619066712 0
vn 0.01625068683676758 0.860048208632219 -0.5099539136096954
vn -0.9998215356049156 0.01889171619066712 0
vn -0.009633904606234343 -0.5098629049929819 -0.8602017240125456
vn 0.009633904606234343 0.5098629049929819 0.8602017240125456
usemtl m_ee04ce41-02b6-1ab6-19bd-0add19eeaf47
f 76/220/55 79/219/55 77/218/55 74/217/55
f 75/224/56 76/223/56 74/222/56 73/221/56
f 80/228/57 75/227/57 73/226/57 78/225/57
f 79/232/58 80/231/58 78/230/58 77/229/58
f 78/236/59 73/235/59 74/234/59 77/233/59
f 79/240/60 76/239/60 75/238/60 80/237/60
o foot_right_claw3
v 0.6914583428572206 0.999377628609164 4.7014562947834175
v 0.6873956711480288 0.7843655764511093 4.828944773185841
v 0.6926625809329999 1.0631104917332868 4.808981510284985
v 0.6885999092238081 0.848098439575232 4.936469988687409
v 0.43744028724679984 0.789088505498776 4.828944773185841
v 0.4415029589559918 1.0041005576568307 4.7014562947834175
v 0.43864452532257914 0.8528213686228987 4.936469988687409
v 0.4427071970317711 1.0678334207809534 4.808981510284985
vt 0.71875 0.10546875
vt 0.7109375 0.10546875
vt 0.7109375 0.1015625
vt 0.71875 0.1015625
vt 0.7265625 0.10546875
vt 0.71875 0.10546875
vt 0.71875 0.1015625
vt 0.7265625 0.1015625
vt 0.734375 0.10546875
vt 0.7265625 0.10546875
vt 0.7265625 0.1015625
vt 0.734375 0.1015625
vt 0.7109375 0.10546875
vt 0.703125 0.10546875
vt 0.703125 0.1015625
vt 0.7109375 0.1015625
vt 0.7109375 0.10546875
vt 0.71875 0.10546875
vt 0.71875 0.11328125
vt 0.7109375 0.11328125
vt 0.71875 0.11328125
vt 0.7265625 0.11328125
vt 0.7265625 0.10546875
vt 0.71875 0.10546875
vn -0.01625068683676758 -0.860048208632219 0.5099539136096954
vn 0.9998215356049156 -0.01889171619066712 0
vn 0.01625068683676758 0.860048208632219 -0.5099539136096954
vn -0.9998215356049156 0.01889171619066712 0
vn -0.009633904606234343 -0.5098629049929819 -0.8602017240125456
vn 0.009633904606234343 0.5098629049929819 0.8602017240125456
usemtl m_ee04ce41-02b6-1ab6-19bd-0add19eeaf47
f 84/244/61 87/243/61 85/242/61 82/241/61
f 83/248/62 84/247/62 82/246/62 81/245/62
f 88/252/63 83/251/63 81/250/63 86/249/63
f 87/256/64 88/255/64 86/254/64 85/253/64
f 86/260/65 81/259/65 82/258/65 85/257/65
f 87/264/66 84/263/66 83/262/66 88/261/66
o foot_right_back_toe
v 0.8296761264551546 1.697732214907242 3.922689342419802
v 0.8449111453646243 2.5040274104999476 3.444607548410713
v 0.8326867216446028 1.857064372717549 4.191502381173723
v 0.8479217405540724 2.663359568310254 3.7134205871646335
v 1.094866529265853 2.4993044814522802 3.444607548410713
v 1.0796315103563834 1.6930092858595756 3.922689342419802
v 1.0978771244553014 2.6586366392625873 3.7134205871646335
v 1.0826421055458315 1.8523414436698822 4.191502381173723
vt 0.810546875 0.0390625
vt 0.818359375 0.0390625
vt 0.818359375 0.029296875
vt 0.810546875 0.029296875
vt 0.78125 0.0390625
vt 0.810546875 0.0390625
vt 0.810546875 0.029296875
vt 0.78125 0.029296875
vt 0.84765625 0.0390625
vt 0.85546875 0.0390625
vt 0.85546875 0.029296875
vt 0.84765625 0.029296875
vt 0.818359375 0.0390625
vt 0.84765625 0.0390625
vt 0.84765625 0.029296875
vt 0.818359375 0.029296875
vt 0.818359375 0.0390625
vt 0.810546875 0.0390625
vt 0.810546875 0.068359375
vt 0.818359375 0.068359375
vt 0.826171875 0.068359375
vt 0.818359375 0.068359375
vt 0.818359375 0.0390625
vt 0.826171875 0.0390625
vn 0.0162506868367677 0.860048208632219 -0.5099539136096954
vn -0.9998215356049156 0.018891716190667224 -6.245004513516508e-17
vn -0.0162506868367677 -0.860048208632219 0.5099539136096954
vn 0.9998215356049156 -0.018891716190667224 6.245004513516508e-17
vn -0.009633904606234343 -0.5098629049929819 -0.8602017240125456
vn 0.009633904606234343 0.5098629049929819 0.8602017240125456
usemtl m_ee04ce41-02b6-1ab6-19bd-0add19eeaf47
f 92/268/67 95/267/67 93/266/67 90/265/67
f 91/272/68 92/271/68 90/270/68 89/269/68
f 96/276/69 91/275/69 89/274/69 94/273/69
f 95/280/70 96/279/70 94/278/70 93/277/70
f 94/284/71 89/283/71 90/282/71 93/281/71
f 95/288/72 92/287/72 91/286/72 96/285/72
o foot_right_back_claw
v 0.8438590688448806 2.4483475161521993 3.840909065567057
v 0.8479217405540724 2.663359568310254 3.7134205871646335
v 0.8450633069206599 2.5120803792763224 3.948434281068625
v 0.8491259786298517 2.727092431434377 3.8209458026662015
v 1.0978771244553014 2.6586366392625873 3.7134205871646335
v 1.0938144527461096 2.443624587104533 3.840909065567057
v 1.0990813625310807 2.72236950238671 3.8209458026662015
v 1.0950186908218886 2.507357450228655 3.948434281068625
vt 0.71875 0.10546875
vt 0.7109375 0.10546875
vt 0.7109375 0.1015625
vt 0.71875 0.1015625
vt 0.7265625 0.10546875
vt 0.71875 0.10546875
vt 0.71875 0.1015625
vt 0.7265625 0.1015625
vt 0.734375 0.10546875
vt 0.7265625 0.10546875
vt 0.7265625 0.1015625
vt 0.734375 0.1015625
vt 0.7109375 0.10546875
vt 0.703125 0.10546875
vt 0.703125 0.1015625
vt 0.7109375 0.1015625
vt 0.7109375 0.10546875
vt 0.71875 0.10546875
vt 0.71875 0.11328125
vt 0.7109375 0.11328125
vt 0.71875 0.11328125
vt 0.7265625 0.11328125
vt 0.7265625 0.10546875
vt 0.71875 0.10546875
vn 0.0162506868367677 0.860048208632219 -0.5099539136096954
vn -0.9998215356049156 0.018891716190667224 -6.245004513516508e-17
vn -0.0162506868367677 -0.860048208632219 0.5099539136096954
vn 0.9998215356049156 -0.018891716190667224 6.245004513516508e-17
vn -0.009633904606234343 -0.5098629049929819 -0.8602017240125456
vn 0.009633904606234343 0.5098629049929819 0.8602017240125456
usemtl m_ee04ce41-02b6-1ab6-19bd-0add19eeaf47
f 100/292/73 103/291/73 101/290/73 98/289/73
f 99/296/74 100/295/74 98/294/74 97/293/74
f 104/300/75 99/299/75 97/298/75 102/297/75
f 103/304/76 104/303/76 102/302/76 101/301/76
f 102/308/77 97/307/77 98/306/77 101/305/77
f 103/312/78 100/311/78 99/310/78 104/309/78
o upperleg_left
v -0.49753571334883706 4.239852780844686 1.556246598005881
v -0.5221917274325815 2.9349626578772368 0.4865222886852525
v -0.5214870354868432 2.972257638185299 3.103059090997248
v -0.5461430495705877 1.667367515217849 2.0333347816766194
v -1.522013263037497 2.953854374067904 0.4865222886852525
v -1.4973572489537526 4.258744497035353 1.556246598005881
v -1.545964585175503 1.686259231408516 2.0333347816766194
v -1.5213085710917587 2.9911493543759664 3.103059090997248
vt 0.486328125 0.10546875
vt 0.517578125 0.10546875
vt 0.517578125 0.04296875
vt 0.486328125 0.04296875
vt 0.43359375 0.10546875
vt 0.486328125 0.10546875
vt 0.486328125 0.04296875
vt 0.43359375 0.04296875
vt 0.5703125 0.10546875
vt 0.6015625 0.10546875
vt 0.6015625 0.04296875
vt 0.5703125 0.04296875
vt 0.517578125 0.10546875
vt 0.5703125 0.10546875
vt 0.5703125 0.04296875
vt 0.517578125 0.04296875
vt 0.517578125 0.10546875
vt 0.486328125 0.10546875
vt 0.486328125 0.158203125
vt 0.517578125 0.158203125
vt 0.548828125 0.158203125
vt 0.517578125 0.158203125
vt 0.517578125 0.10546875
vt 0.548828125 0.10546875
vn -0.01461097130888559 -0.773268221017748 -0.6339107018196318
vn 0.9998215356049156 -0.01889171619066712 1.7347234759768075e-18
vn 0.01461097130888559 0.773268221017748 0.6339107018196318
vn -0.9998215356049156 0.01889171619066712 -1.7347234759768075e-18
vn 0.011975661069003095 0.6337975713296938 -0.7734062464956835
vn -0.011975661069003095 -0.6337975713296938 0.7734062464956835
usemtl m_ee04ce41-02b6-1ab6-19bd-0add19eeaf47
f 108/316/79 111/315/79 109/314/79 106/313/79
f 107/320/80 108/319/80 106/318/80 105/317/80
f 112/324/81 107/323/81 105/322/81 110/321/81
f 111/328/82 112/327/82 110/326/82 109/325/82
f 110/332/83 105/331/83 106/330/83 109/329/83
f 111/336/84 108/335/84 107/334/84 112/333/84
o lowerleg_left
v -0.643957463960941 3.1073130302462926 2.4385018142386974
v -0.6573267683884769 2.399758547223092 2.19013129414242
v -0.656469851629707 2.4451098441085546 4.32565055782619
v -0.6698391560572429 1.7375553610853545 4.077280037729913
v -1.4071929200921636 2.4139273343660923 2.19013129414242
v -1.3938236156646278 3.121481817389293 2.4385018142386974
v -1.4197053077609296 1.7517241482283548 4.077280037729913
v -1.4063360033333938 2.459278631251555 4.32565055782619
vt 0.62890625 0.08984375
vt 0.65234375 0.08984375
vt 0.65234375 0.02734375
vt 0.62890625 0.02734375
vt 0.60546875 0.08984375
vt 0.62890625 0.08984375
vt 0.62890625 0.02734375
vt 0.60546875 0.02734375
vt 0.67578125 0.08984375
vt 0.69921875 0.08984375
vt 0.69921875 0.02734375
vt 0.67578125 0.02734375
vt 0.65234375 0.08984375
vt 0.67578125 0.08984375
vt 0.67578125 0.02734375
vt 0.65234375 0.02734375
vt 0.65234375 0.08984375
vt 0.62890625 0.08984375
vt 0.62890625 0.11328125
vt 0.65234375 0.11328125
vt 0.67578125 0.11328125
vt 0.65234375 0.11328125
vt 0.65234375 0.08984375
vt 0.67578125 0.08984375
vn -0.017825739236714485 -0.9434059773642673 -0.33116069346170335
vn 0.9998215356049156 -0.01889171619066712 -8.673617379884037e-19
vn 0.017825739236714485 0.9434059773642673 0.33116069346170335
vn -0.9998215356049156 0.01889171619066712 8.673617379884037e-19
vn 0.006256193834383012 0.3311015930688688 -0.9435743717937467
vn -0.006256193834383012 -0.3311015930688688 0.9435743717937467
usemtl m_ee04ce41-02b6-1ab6-19bd-0add19eeaf47
f 116/340/85 119/339/85 117/338/85 114/337/85
f 115/344/86 116/343/86 114/342/86 113/341/86
f 120/348/87 115/347/87 113/346/87 118/345/87
f 119/352/88 120/351/88 118/350/88 117/349/88
f 118/356/89 113/355/89 114/354/89 117/353/89
f 119/360/90 116/359/90 115/358/90 120/357/90
o foot_left
v -0.47690918035191776 2.0231590891671227 3.817091352167556
v -0.49214419926138736 1.2168638935744176 4.295173146176645
v -0.4732964661245799 2.214357678539491 4.1396669986722605
v -0.4885314850340495 1.4080624829467856 4.61774879268135
v -1.6169434268169174 1.238117074288918 4.295173146176645
v -1.6017084079074477 2.044412269881623 3.817091352167556
v -1.6133307125895795 1.4293156636612863 4.61774879268135
v -1.5980956936801098 2.2356108592539914 4.1396669986722605
vt 0.634765625 0.12890625
vt 0.669921875 0.12890625
vt 0.669921875 0.1171875
vt 0.634765625 0.1171875
vt 0.60546875 0.12890625
vt 0.634765625 0.12890625
vt 0.634765625 0.1171875
vt 0.60546875 0.1171875
vt 0.69921875 0.12890625
vt 0.734375 0.12890625
vt 0.734375 0.1171875
vt 0.69921875 0.1171875
vt 0.669921875 0.12890625
vt 0.69921875 0.12890625
vt 0.69921875 0.1171875
vt 0.669921875 0.1171875
vt 0.669921875 0.12890625
vt 0.634765625 0.12890625
vt 0.634765625 0.158203125
vt 0.669921875 0.158203125
vt 0.705078125 0.158203125
vt 0.669921875 0.158203125
vt 0.669921875 0.12890625
vt 0.705078125 0.12890625
vn -0.01625068683676758 -0.860048208632219 0.5099539136096954
vn 0.9998215356049156 -0.01889171619066712 0
vn 0.01625068683676758 0.860048208632219 -0.5099539136096954
vn -0.9998215356049156 0.01889171619066712 0
vn -0.009633904606234343 -0.5098629049929819 -0.8602017240125456
vn 0.009633904606234343 0.5098629049929819 0.8602017240125456
usemtl m_ee04ce41-02b6-1ab6-19bd-0add19eeaf47
f 124/364/91 127/363/91 125/362/91 122/361/91
f 123/368/92 124/367/92 122/366/92 121/365/92
f 128/372/93 123/371/93 121/370/93 126/369/93
f 127/376/94 128/375/94 126/374/94 125/373/94
f 126/380/95 121/379/95 122/378/95 125/377/95
f 127/384/96 124/383/96 123/382/96 128/381/96
o foot_left_toe1
v -0.5501568246380945 1.4549432594718414 4.082049940422832
v -0.565391843547564 0.6486480638791363 4.560131734431921
v -0.5471462294486462 1.6142754172821483 4.3508629791767515
v -0.5623812483581159 0.8079802216894432 4.828944773185841
v -0.815347227448793 0.653370992926803 4.560131734431921
v -0.8001122085393234 1.4596661885195081 4.082049940422832
v -0.8123366322593447 0.8127031507371099 4.828944773185841
v -0.7971016133498752 1.618998346329815 4.3508629791767515
vt 0.732421875 0.0390625
vt 0.740234375 0.0390625
vt 0.740234375 0.029296875
vt 0.732421875 0.029296875
vt 0.703125 0.0390625
vt 0.732421875 0.0390625
vt 0.732421875 0.029296875
vt 0.703125 0.029296875
vt 0.76953125 0.0390625
vt 0.77734375 0.0390625
vt 0.77734375 0.029296875
vt 0.76953125 0.029296875
vt 0.740234375 0.0390625
vt 0.76953125 0.0390625
vt 0.76953125 0.029296875
vt 0.740234375 0.029296875
vt 0.740234375 0.0390625
vt 0.732421875 0.0390625
vt 0.732421875 0.068359375
vt 0.740234375 0.068359375
vt 0.748046875 0.068359375
vt 0.740234375 0.068359375
vt 0.740234375 0.0390625
vt 0.748046875 0.0390625
vn -0.01625068683676758 -0.860048208632219 0.5099539136096954
vn 0.9998215356049156 -0.01889171619066712 0
vn 0.01625068683676758 0.860048208632219 -0.5099539136096954
vn -0.9998215356049156 0.01889171619066712 0
vn -0.009633904606234343 -0.5098629049929819 -0.8602017240125456
vn 0.009633904606234343 0.5098629049929819 0.8602017240125456
usemtl m_ee04ce41-02b6-1ab6-19bd-0add19eeaf47
f 132/388/97 135/387/97 133/386/97 130/385/97
f 131/392/98 132/391/98 130/390/98 129/389/98
f 136/396/99 131/395/99 129/394/99 134/393/99
f 135/400/100 136/399/100 134/398/100 133/397/100
f 134/404/101 129/403/101 130/402/101 133/401/101
f 135/408/102 132/407/102 131/406/102 136/405/102
o foot_left_claw1
v -0.5583185766489239 1.022992273847498 4.7014562947834175
v -0.5623812483581159 0.8079802216894432 4.828944773185841
v -0.5571143385731447 1.0867251369716207 4.808981510284985
v -0.5611770102823366 0.8717130848135659 4.936469988687409
v -0.8123366322593447 0.8127031507371099 4.828944773185841
v -0.8082739605501529 1.0277152028951646 4.7014562947834175
v -0.8111323941835654 0.8764360138612326 4.936469988687409
v -0.8070697224743736 1.0914480660192873 4.808981510284985
vt 0.7109375 0.10546875
vt 0.71875 0.10546875
vt 0.71875 0.1015625
vt 0.7109375 0.1015625
vt 0.703125 0.10546875
vt 0.7109375 0.10546875
vt 0.7109375 0.1015625
vt 0.703125 0.1015625
vt 0.7265625 0.10546875
vt 0.734375 0.10546875
vt 0.734375 0.1015625
vt 0.7265625 0.1015625
vt 0.71875 0.10546875
vt 0.7265625 0.10546875
vt 0.7265625 0.1015625
vt 0.71875 0.1015625
vt 0.71875 0.10546875
vt 0.7109375 0.10546875
vt 0.7109375 0.11328125
vt 0.71875 0.11328125
vt 0.7265625 0.11328125
vt 0.71875 0.11328125
vt 0.71875 0.10546875
vt 0.7265625 0.10546875
vn -0.01625068683676758 -0.860048208632219 0.5099539136096954
vn 0.9998215356049156 -0.01889171619066712 0
vn 0.01625068683676758 0.860048208632219 -0.5099539136096954
vn -0.9998215356049156 0.01889171619066712 0
vn -0.009633904606234343 -0.5098629049929819 -0.8602017240125456
vn 0.009633904606234343 0.5098629049929819 0.8602017240125456
usemtl m_ee04ce41-02b6-1ab6-19bd-0add19eeaf47
f 140/412/103 143/411/103 141/410/103 138/409/103
f 139/416/104 140/415/104 138/414/104 137/413/104
f 144/420/105 139/419/105 137/418/105 142/417/105
f 143/424/106 144/423/106 142/422/106 141/421/106
f 142/428/107 137/427/107 138/426/107 141/425/107
f 143/432/108 140/431/108 139/430/108 144/429/108
o foot_left_toe2
v -0.9250899004899378 1.4620276530433416 4.082049940422832
v -0.9403249193994073 0.6557324574506365 4.560131734431921
v -0.9220793053004895 1.6213598108536484 4.3508629791767515
v -0.9373143242099591 0.8150646152609433 4.828944773185841
v -1.1902803033006362 0.6604553864983033 4.560131734431921
v -1.1750452843911665 1.4667505820910083 4.082049940422832
v -1.187269708111188 0.81978754430861 4.828944773185841
v -1.1720346892017184 1.6260827399013151 4.3508629791767515
vt 0.732421875 0.0390625
vt 0.740234375 0.0390625
vt 0.740234375 0.029296875
vt 0.732421875 0.029296875
vt 0.703125 0.0390625
vt 0.732421875 0.0390625
vt 0.732421875 0.029296875
vt 0.703125 0.029296875
vt 0.76953125 0.0390625
vt 0.77734375 0.0390625
vt 0.77734375 0.029296875
vt 0.76953125 0.029296875
vt 0.740234375 0.0390625
vt 0.76953125 0.0390625
vt 0.76953125 0.029296875
vt 0.740234375 0.029296875
vt 0.740234375 0.0390625
vt 0.732421875 0.0390625
vt 0.732421875 0.068359375
vt 0.740234375 0.068359375
vt 0.748046875 0.068359375
vt 0.740234375 0.068359375
vt 0.740234375 0.0390625
vt 0.748046875 0.0390625
vn -0.01625068683676758 -0.860048208632219 0.5099539136096954
vn 0.9998215356049156 -0.01889171619066712 0
vn 0.01625068683676758 0.860048208632219 -0.5099539136096954
vn -0.9998215356049156 0.01889171619066712 0
vn -0.009633904606234343 -0.5098629049929819 -0.8602017240125456
vn 0.009633904606234343 0.5098629049929819 0.8602017240125456
usemtl m_ee04ce41-02b6-1ab6-19bd-0add19eeaf47
f 148/436/109 151/435/109 149/434/109 146/433/109
f 147/440/110 148/439/110 146/438/110 145/437/110
f 152/444/111 147/443/111 145/442/111 150/441/111
f 151/448/112 152/447/112 150/446/112 149/445/112
f 150/452/113 145/451/113 146/450/113 149/449/113
f 151/456/114 148/455/114 147/454/114 152/453/114
o foot_left_claw2
v -0.9332516525007672 1.030076667418998 4.7014562947834175
v -0.9373143242099591 0.8150646152609433 4.828944773185841
v -0.932047414424988 1.0938095305431208 4.808981510284985
v -0.9361100861341798 0.878797478385066 4.936469988687409
v -1.187269708111188 0.81978754430861 4.828944773185841
v -1.183207036401996 1.034799596466665 4.7014562947834175
v -1.1860654700354085 0.8835204074327329 4.936469988687409
v -1.182002798326217 1.0985324595907877 4.808981510284985
vt 0.7109375 0.10546875
vt 0.71875 0.10546875
vt 0.71875 0.1015625
vt 0.7109375 0.1015625
vt 0.703125 0.10546875
vt 0.7109375 0.10546875
vt 0.7109375 0.1015625
vt 0.703125 0.1015625
vt 0.7265625 0.10546875
vt 0.734375 0.10546875
vt 0.734375 0.1015625
vt 0.7265625 0.1015625
vt 0.71875 0.10546875
vt 0.7265625 0.10546875
vt 0.7265625 0.1015625
vt 0.71875 0.1015625
vt 0.71875 0.10546875
vt 0.7109375 0.10546875
vt 0.7109375 0.11328125
vt 0.71875 0.11328125
vt 0.7265625 0.11328125
vt 0.71875 0.11328125
vt 0.71875 0.10546875
vt 0.7265625 0.10546875
vn -0.01625068683676758 -0.860048208632219 0.5099539136096954
vn 0.9998215356049156 -0.01889171619066712 0
vn 0.01625068683676758 0.860048208632219 -0.5099539136096954
vn -0.9998215356049156 0.01889171619066712 0
vn -0.009633904606234343 -0.5098629049929819 -0.8602017240125456
vn 0.009633904606234343 0.5098629049929819 0.8602017240125456
usemtl m_ee04ce41-02b6-1ab6-19bd-0add19eeaf47
f 156/460/115 159/459/115 157/458/115 154/457/115
f 155/464/116 156/463/116 154/462/116 153/461/116
f 160/468/117 155/467/117 153/466/117 158/465/117
f 159/472/118 160/471/118 158/470/118 157/469/118
f 158/476/119 153/475/119 154/474/119 157/473/119
f 159/480/120 156/479/120 155/478/120 160/477/120
o foot_left_toe3
v -1.3000229763417808 1.4691120466148417 4.082049940422832
v -1.3152579952512504 0.6628168510221366 4.560131734431921
v -1.2970123811523326 1.6284442044251486 4.3508629791767515
v -1.3122474000618023 0.8221490088324435 4.828944773185841
v -1.5652133791524794 0.6675397800698034 4.560131734431921
v -1.5499783602430097 1.4738349756625084 4.082049940422832
v -1.5622027839630312 0.8268719378801103 4.828944773185841
v -1.5469677650535616 1.6331671334728153 4.3508629791767515
vt 0.732421875 0.0390625
vt 0.740234375 0.0390625
vt 0.740234375 0.029296875
vt 0.732421875 0.029296875
vt 0.703125 0.0390625
vt 0.732421875 0.0390625
vt 0.732421875 0.029296875
vt 0.703125 0.029296875
vt 0.76953125 0.0390625
vt 0.77734375 0.0390625
vt 0.77734375 0.029296875
vt 0.76953125 0.029296875
vt 0.740234375 0.0390625
vt 0.76953125 0.0390625
vt 0.76953125 0.029296875
vt 0.740234375 0.029296875
vt 0.740234375 0.0390625
vt 0.732421875 0.0390625
vt 0.732421875 0.068359375
vt 0.740234375 0.068359375
vt 0.748046875 0.068359375
vt 0.740234375 0.068359375
vt 0.740234375 0.0390625
vt 0.748046875 0.0390625
vn -0.01625068683676758 -0.860048208632219 0.5099539136096954
vn 0.9998215356049156 -0.01889171619066712 0
vn 0.01625068683676758 0.860048208632219 -0.5099539136096954
vn -0.9998215356049156 0.01889171619066712 0
vn -0.009633904606234343 -0.5098629049929819 -0.8602017240125456
vn 0.009633904606234343 0.5098629049929819 0.8602017240125456
usemtl m_ee04ce41-02b6-1ab6-19bd-0add19eeaf47
f 164/484/121 167/483/121 165/482/121 162/481/121
f 163/488/122 164/487/122 162/486/122 161/485/122
f 168/492/123 163/491/123 161/490/123 166/489/123
f 167/496/124 168/495/124 166/494/124 165/493/124
f 166/500/125 161/499/125 162/498/125 165/497/125
f 167/504/126 164/503/126 163/502/126 168/501/126
o foot_left_claw3
v -1.3081847283526105 1.0371610609904982 4.7014562947834175
v -1.3122474000618023 0.8221490088324435 4.828944773185841
v -1.3069804902768312 1.100893924114621 4.808981510284985
v -1.311043161986023 0.8858818719565662 4.936469988687409
v -1.5622027839630312 0.8268719378801103 4.828944773185841
v -1.5581401122538394 1.0418839900381651 4.7014562947834175
v -1.560998545887252 0.890604801004233 4.936469988687409
v -1.5569358741780601 1.1056168531622879 4.808981510284985
vt 0.7109375 0.10546875
vt 0.71875 0.10546875
vt 0.71875 0.1015625
vt 0.7109375 0.1015625
vt 0.703125 0.10546875
vt 0.7109375 0.10546875
vt 0.7109375 0.1015625
vt 0.703125 0.1015625
vt 0.7265625 0.10546875
vt 0.734375 0.10546875
vt 0.734375 0.1015625
vt 0.7265625 0.1015625
vt 0.71875 0.10546875
vt 0.7265625 0.10546875
vt 0.7265625 0.1015625
vt 0.71875 0.1015625
vt 0.71875 0.10546875
vt 0.7109375 0.10546875
vt 0.7109375 0.11328125
vt 0.71875 0.11328125
vt 0.7265625 0.11328125
vt 0.71875 0.11328125
vt 0.71875 0.10546875
vt 0.7265625 0.10546875
vn -0.01625068683676758 -0.860048208632219 0.5099539136096954
vn 0.9998215356049156 -0.01889171619066712 0
vn 0.01625068683676758 0.860048208632219 -0.5099539136096954
vn -0.9998215356049156 0.01889171619066712 0
vn -0.009633904606234343 -0.5098629049929819 -0.8602017240125456
vn 0.009633904606234343 0.5098629049929819 0.8602017240125456
usemtl m_ee04ce41-02b6-1ab6-19bd-0add19eeaf47
f 172/508/127 175/507/127 173/506/127 170/505/127
f 171/512/128 172/511/128 170/510/128 169/509/128
f 176/516/129 171/515/129 169/514/129 174/513/129
f 175/520/130 176/519/130 174/518/130 173/517/130
f 174/524/131 169/523/131 170/522/131 173/521/131
f 175/528/132 172/527/132 171/526/132 176/525/132
o foot_left_back_toe
v -1.169966944754677 1.7355156472885764 3.922689342419802
v -1.1547319258452071 2.541810842881282 3.444607548410713
v -1.1669563495652286 1.8948478050988835 4.191502381173723
v -1.151721330655759 2.7011430006915886 3.7134205871646335
v -0.9047765419439784 2.5370879138336146 3.444607548410713
v -0.920011560853448 1.73079271824091 3.922689342419802
v -0.9017659467545303 2.6964200716439217 3.7134205871646335
v -0.9170009656639999 1.8901248760512166 4.191502381173723
vt 0.732421875 0.0390625
vt 0.740234375 0.0390625
vt 0.740234375 0.029296875
vt 0.732421875 0.029296875
vt 0.703125 0.0390625
vt 0.732421875 0.0390625
vt 0.732421875 0.029296875
vt 0.703125 0.029296875
vt 0.76953125 0.0390625
vt 0.77734375 0.0390625
vt 0.77734375 0.029296875
vt 0.76953125 0.029296875
vt 0.740234375 0.0390625
vt 0.76953125 0.0390625
vt 0.76953125 0.029296875
vt 0.740234375 0.029296875
vt 0.740234375 0.0390625
vt 0.732421875 0.0390625
vt 0.732421875 0.068359375
vt 0.740234375 0.068359375
vt 0.748046875 0.068359375
vt 0.740234375 0.068359375
vt 0.740234375 0.0390625
vt 0.748046875 0.0390625
vn 0.0162506868367677 0.860048208632219 -0.5099539136096954
vn -0.9998215356049156 0.018891716190667224 -6.245004513516508e-17
vn -0.0162506868367677 -0.860048208632219 0.5099539136096954
vn 0.9998215356049156 -0.018891716190667224 6.245004513516508e-17
vn -0.009633904606234343 -0.5098629049929819 -0.8602017240125456
vn 0.009633904606234343 0.5098629049929819 0.8602017240125456
usemtl m_ee04ce41-02b6-1ab6-19bd-0add19eeaf47
f 180/532/133 183/531/133 181/530/133 178/529/133
f 179/536/134 180/535/134 178/534/134 177/533/134
f 184/540/135 179/539/135 177/538/135 182/537/135
f 183/544/136 184/543/136 182/542/136 181/541/136
f 182/548/137 177/547/137 178/546/137 181/545/137
f 183/552/138 180/551/138 179/550/138 184/549/138
o foot_left_back_claw
v -1.155784002364951 2.4861309485335337 3.840909065567057
v -1.151721330655759 2.7011430006915886 3.7134205871646335
v -1.1545797642891715 2.549863811657657 3.948434281068625
v -1.1505170925799797 2.7648758638157114 3.8209458026662015
v -0.9017659467545303 2.6964200716439217 3.7134205871646335
v -0.9058286184637221 2.481408019485867 3.840909065567057
v -0.900561708678751 2.7601529347680445 3.8209458026662015
v -0.9046243803879428 2.5451408826099895 3.9484342810686255
vt 0.7109375 0.10546875
vt 0.71875 0.10546875
vt 0.71875 0.1015625
vt 0.7109375 0.1015625
vt 0.703125 0.10546875
vt 0.7109375 0.10546875
vt 0.7109375 0.1015625
vt 0.703125 0.1015625
vt 0.7265625 0.10546875
vt 0.734375 0.10546875
vt 0.734375 0.1015625
vt 0.7265625 0.1015625
vt 0.71875 0.10546875
vt 0.7265625 0.10546875
vt 0.7265625 0.1015625
vt 0.71875 0.1015625
vt 0.71875 0.10546875
vt 0.7109375 0.10546875
vt 0.7109375 0.11328125
vt 0.71875 0.11328125
vt 0.7265625 0.11328125
vt 0.71875 0.11328125
vt 0.71875 0.10546875
vt 0.7265625 0.10546875
vn 0.0162506868367677 0.860048208632219 -0.5099539136096954
vn -0.9998215356049156 0.018891716190667224 -6.245004513516508e-17
vn -0.0162506868367677 -0.860048208632219 0.5099539136096954
vn 0.9998215356049156 -0.018891716190667224 6.245004513516508e-17
vn -0.009633904606234343 -0.5098629049929819 -0.8602017240125456
vn 0.009633904606234343 0.5098629049929819 0.8602017240125456
usemtl m_ee04ce41-02b6-1ab6-19bd-0add19eeaf47
f 188/556/139 191/555/139 189/554/139 186/553/139
f 187/560/140 188/559/140 186/558/140 185/557/140
f 192/564/141 187/563/141 185/562/141 190/561/141
f 191/568/142 192/567/142 190/566/142 189/565/142
f 190/572/143 185/571/143 186/570/143 189/569/143
f 191/576/144 188/575/144 187/574/144 192/573/144
o neck_1
v 0.5631206739427923 4.141576607505053 -1.7862727696471155
v 0.5713459294595968 4.178557026211015 -2.848097163699171
v 0.5422510542892194 3.0174573727416854 -1.8255844092788556
v 0.5504763098060239 3.054437791447648 -2.887408803330911
v -0.5534267634236718 4.19971770340961 -2.85607307020671
v -0.5616520189404763 4.162737284703647 -1.7942486761546546
v -0.5742963830772447 3.075598468646243 -2.89538470983845
v -0.5825216385940493 3.0386180499402804 -1.8335603157863944
vt 0.85546875 0.966796875
vt 0.890625 0.966796875
vt 0.890625 0.931640625
vt 0.85546875 0.931640625
vt 0.822265625 0.966796875
vt 0.85546875 0.966796875
vt 0.85546875 0.931640625
vt 0.822265625 0.931640625
vt 0.923828125 0.966796875
vt 0.958984375 0.966796875
vt 0.958984375 0.931640625
vt 0.923828125 0.931640625
vt 0.890625 0.966796875
vt 0.923828125 0.966796875
vt 0.923828125 0.931640625
vt 0.890625 0.931640625
vt 0.890625 0.966796875
vt 0.85546875 0.966796875
vt 0.85546875 1
vt 0.890625 1
vt 0.92578125 1
vt 0.890625 1
vt 0.890625 0.966796875
vt 0.92578125 0.966796875
vn 0.007741416956992515 0.034805099958553264 -0.9993641355784053
vn 0.9997979492295722 -0.018809490843195838 0.007089694673367991
vn -0.007741416956992515 -0.034805099958553264 0.9993641355784053
vn -0.9997979492295722 0.018809490843195838 -0.007089694673367991
vn 0.018550773025398145 0.999217097567438 0.03494367967265775
vn -0.018550773025398145 -0.999217097567438 -0.03494367967265775
usemtl m_ee04ce41-02b6-1ab6-19bd-0add19eeaf47
f 196/580/145 199/579/145 197/578/145 194/577/145
f 195/584/146 196/583/146 194/582/146 193/581/146
f 200/588/147 195/587/147 193/586/147 198/585/147
f 199/592/148 200/591/148 198/590/148 197/589/148
f 198/596/149 193/595/149 194/594/149 197/593/149
f 199/600/150 196/599/150 195/598/150 200/597/150
o neck_1_fin
v 0.008850290699769711 4.5893144262901036 -1.7749728630440973
v 0.01707554621657424 4.626294844996067 -2.8367972570961526
v -0.0015845191270167508 4.02725480890842 -1.7946286828599671
v 0.00664073638978778 4.0642352276143825 -2.8564530769120227
v 0.01707554621657424 4.626294844996067 -2.8367972570961526
v 0.008850290699769711 4.5893144262901036 -1.7749728630440973
v 0.00664073638978778 4.0642352276143825 -2.8564530769120227
v -0.0015845191270167508 4.02725480890842 -1.7946286828599671
vt 0.85546875 0.734375
vt 0.85546875 0.734375
vt 0.85546875 0.716796875
vt 0.85546875 0.716796875
vt 0.822265625 0.734375
vt 0.85546875 0.734375
vt 0.85546875 0.716796875
vt 0.822265625 0.716796875
vt 0.888671875 0.734375
vt 0.888671875 0.734375
vt 0.888671875 0.716796875
vt 0.888671875 0.716796875
vt 0.85546875 0.734375
vt 0.888671875 0.734375
vt 0.888671875 0.716796875
vt 0.85546875 0.716796875
vt 0.85546875 0.734375
vt 0.85546875 0.734375
vt 0.85546875 0.767578125
vt 0.85546875 0.767578125
vt 0.85546875 0.767578125
vt 0.85546875 0.767578125
vt 0.85546875 0.734375
vt 0.85546875 0.734375
vn 0.007741416956992515 0.034805099958553264 -0.9993641355784053
vn 0.9997979492295722 -0.018809490843195838 0.007089694673367991
vn -0.007741416956992515 -0.034805099958553264 0.9993641355784053
vn -0.9997979492295722 0.018809490843195838 -0.007089694673367991
vn 0.018550773025398145 0.999217097567438 0.03494367967265775
vn -0.018550773025398145 -0.999217097567438 -0.03494367967265775
usemtl m_ee04ce41-02b6-1ab6-19bd-0add19eeaf47
f 204/604/151 207/603/151 205/602/151 202/601/151
f 203/608/152 204/607/152 202/606/152 201/605/152
f 208/612/153 203/611/153 201/610/153 206/609/153
f 207/616/154 208/615/154 206/614/154 205/613/154
f 206/620/155 201/619/155 202/618/155 205/617/155
f 207/624/156 204/623/156 203/622/156 208/621/156
o neck_2
v 0.5682351159862259 4.166006374199986 -2.582055784340539
v 0.5844830419671537 4.229553811361127 -3.6425292531890388
v 0.5477920227357557 3.0432249703824064 -2.6496501567377906
v 0.5640399487166835 3.1067724075435477 -3.71012362558629
v -0.540199630218613 4.250991577359017 -3.6584763242085936
v -0.5564475561995409 4.187444140197876 -2.598002855360094
v -0.5606427234690832 3.1282101735414374 -3.726070696605845
v -0.5768906494500111 3.064662736380296 -2.6655972277573454
vt 0.85546875 0.89453125
vt 0.890625 0.89453125
vt 0.890625 0.859375
vt 0.85546875 0.859375
vt 0.822265625 0.89453125
vt 0.85546875 0.89453125
vt 0.85546875 0.859375
vt 0.822265625 0.859375
vt 0.923828125 0.89453125
vt 0.958984375 0.89453125
vt 0.958984375 0.859375
vt 0.923828125 0.859375
vt 0.890625 0.89453125
vt 0.923828125 0.89453125
vt 0.923828125 0.859375
vt 0.890625 0.859375
vt 0.890625 0.89453125
vt 0.85546875 0.89453125
vt 0.85546875 0.927734375
vt 0.890625 0.927734375
vt 0.92578125 0.927734375
vt 0.890625 0.927734375
vt 0.890625 0.89453125
vt 0.92578125 0.89453125
vn 0.01529216562910862 0.05980935262225069 -0.9980926765632936
vn 0.9997179308317927 -0.019055791998123826 0.014175174239604071
vn -0.01529216562910862 -0.05980935262225069 0.9980926765632936
vn -0.9997179308317927 0.019055791998123826 -0.014175174239604071
vn 0.018171638444862474 0.998027914504515 0.06008388657533467
vn -0.018171638444862474 -0.998027914504515 -0.06008388657533467
usemtl m_ee04ce41-02b6-1ab6-19bd-0add19eeaf47
f 212/628/157 215/627/157 213/626/157 210/625/157
f 211/632/158 212/631/158 210/630/158 209/629/158
f 216/636/159 211/635/159 209/634/159 214/633/159
f 215/640/160 216/639/160 214/638/160 213/637/160
f 214/644/161 209/643/161 210/642/161 213/641/161
f 215/648/162 212/647/162 211/646/162 216/645/162
o neck_2_fin
v 0.013843871712969844 4.613362469794655 -2.5637426194736075
v 0.030091797693897762 4.676909906955798 -3.624216088322107
v 0.003622325087734704 4.051971767885867 -2.597539805672233
v 0.019870251068662623 4.115519205047008 -3.6580132745207328
v 0.030091797693897762 4.676909906955798 -3.624216088322107
v 0.013843871712969844 4.613362469794655 -2.5637426194736075
v 0.019870251068662623 4.115519205047008 -3.6580132745207328
v 0.003622325087734704 4.051971767885867 -2.597539805672233
vt 0.92578125 0.734375
vt 0.92578125 0.734375
vt 0.92578125 0.716796875
vt 0.92578125 0.716796875
vt 0.892578125 0.734375
vt 0.92578125 0.734375
vt 0.92578125 0.716796875
vt 0.892578125 0.716796875
vt 0.958984375 0.734375
vt 0.958984375 0.734375
vt 0.958984375 0.716796875
vt 0.958984375 0.716796875
vt 0.92578125 0.734375
vt 0.958984375 0.734375
vt 0.958984375 0.716796875
vt 0.92578125 0.716796875
vt 0.92578125 0.734375
vt 0.92578125 0.734375
vt 0.92578125 0.767578125
vt 0.92578125 0.767578125
vt 0.92578125 0.767578125
vt 0.92578125 0.767578125
vt 0.92578125 0.734375
vt 0.92578125 0.734375
vn 0.01529216562910862 0.05980935262225069 -0.9980926765632936
vn 0.9997179308317927 -0.019055791998123826 0.014175174239604071
vn -0.01529216562910862 -0.05980935262225069 0.9980926765632936
vn -0.9997179308317927 0.019055791998123826 -0.014175174239604071
vn 0.018171638444862474 0.998027914504515 0.06008388657533467
vn -0.018171638444862474 -0.998027914504515 -0.06008388657533467
usemtl m_ee04ce41-02b6-1ab6-19bd-0add19eeaf47
f 220/652/163 223/651/163 221/650/163 218/649/163
f 219/656/164 220/655/164 218/654/164 217/653/164
f 224/660/165 219/659/165 217/658/165 222/657/165
f 223/664/166 224/663/166 222/662/166 221/661/166
f 222/668/167 217/667/167 218/666/167 221/665/167
f 223/672/168 220/671/168 219/670/168 224/669/168
o neck_3
v 0.3970137860712439 4.233163606679817 -3.643575864127679
v 0.411424565567222 4.2933266719005 -4.579032429136216
v 0.38117227853037305 3.3601264282737575 -3.699968521093104
v 0.39558305802635113 3.4202894934944417 -4.635425086101641
v -0.3383638825566226 4.307618515899094 -4.589663809815919
v -0.35277466205260066 4.247455450678409 -3.654207244807382
v -0.35420539009749347 3.4345813374930345 -4.646056466781344
v -0.36861616959347154 3.3744182722723504 -3.710599901772807
vt 0.8515625 0.826171875
vt 0.875 0.826171875
vt 0.875 0.798828125
vt 0.8515625 0.798828125
vt 0.822265625 0.826171875
vt 0.8515625 0.826171875
vt 0.8515625 0.798828125
vt 0.822265625 0.798828125
vt 0.904296875 0.826171875
vt 0.927734375 0.826171875
vt 0.927734375 0.798828125
vt 0.904296875 0.798828125
vt 0.875 0.826171875
vt 0.904296875 0.826171875
vt 0.904296875 0.798828125
vt 0.875 0.798828125
vt 0.875 0.826171875
vt 0.8515625 0.826171875
vt 0.8515625 0.85546875
vt 0.875 0.85546875
vt 0.8984375 0.85546875
vt 0.875 0.85546875
vt 0.875 0.826171875
vt 0.8984375 0.826171875
vn 0.015371498129043286 0.06417393623539637 -0.9978203360091056
vn 0.9997179308317927 -0.019055791998123826 0.014175174239604071
vn -0.015371498129043286 -0.06417393623539637 0.9978203360091056
vn -0.9997179308317927 0.019055791998123826 -0.014175174239604071
vn 0.018104580046709555 0.9977567753212101 0.06444875081762848
vn -0.018104580046709555 -0.9977567753212101 -0.06444875081762848
usemtl m_ee04ce41-02b6-1ab6-19bd-0add19eeaf47
f 228/676/169 231/675/169 229/674/169 226/673/169
f 227/680/170 228/679/170 226/678/170 225/677/170
f 232/684/171 227/683/171 225/682/171 230/681/171
f 231/688/172 232/687/172 230/686/172 229/685/172
f 230/692/173 225/691/173 226/690/173 229/689/173
f 231/696/174 228/695/174 227/694/174 232/693/174
o neck_3_fin
v 0.026928591084228848 4.505338672123809 -3.631772355031598
v 0.041339370580206924 4.565501737344492 -4.567228920040135
v 0.020139373566712748 4.131179881378356 -3.6559406365882086
v 0.034550153062690825 4.19134294659904 -4.591397201596745
v 0.041339370580206924 4.565501737344492 -4.567228920040135
v 0.026928591084228848 4.505338672123809 -3.631772355031598
v 0.034550153062690825 4.19134294659904 -4.591397201596745
v 0.020139373566712748 4.131179881378356 -3.6559406365882086
vt 0.8515625 0.712890625
vt 0.8515625 0.712890625
vt 0.8515625 0.701171875
vt 0.8515625 0.701171875
vt 0.822265625 0.712890625
vt 0.8515625 0.712890625
vt 0.8515625 0.701171875
vt 0.822265625 0.701171875
vt 0.880859375 0.712890625
vt 0.880859375 0.712890625
vt 0.880859375 0.701171875
vt 0.880859375 0.701171875
vt 0.8515625 0.712890625
vt 0.880859375 0.712890625
vt 0.880859375 0.701171875
vt 0.8515625 0.701171875
vt 0.8515625 0.712890625
vt 0.8515625 0.712890625
vt 0.8515625 0.7421875
vt 0.8515625 0.7421875
vt 0.8515625 0.7421875
vt 0.8515625 0.7421875
vt 0.8515625 0.712890625
vt 0.8515625 0.712890625
vn 0.015371498129043286 0.06417393623539637 -0.9978203360091056
vn 0.9997179308317927 -0.019055791998123826 0.014175174239604071
vn -0.015371498129043286 -0.06417393623539637 0.9978203360091056
vn -0.9997179308317927 0.019055791998123826 -0.014175174239604071
vn 0.018104580046709555 0.9977567753212101 0.06444875081762848
vn -0.018104580046709555 -0.9977567753212101 -0.06444875081762848
usemtl m_ee04ce41-02b6-1ab6-19bd-0add19eeaf47
f 236/700/175 239/699/175 237/698/175 234/697/175
f 235/704/176 236/703/176 234/702/176 233/701/176
f 240/708/177 235/707/177 233/706/177 238/705/177
f 239/712/178 240/711/178 238/710/178 237/709/178
f 238/716/179 233/715/179 234/714/179 237/713/179
f 239/720/180 236/719/180 235/718/180 240/717/180
o neck_4
v 0.4075654402577927 4.2769778722988745 -4.328841681242118
v 0.4220110503266427 4.339062024360596 -5.264172174924707
v 0.3917515912379428 3.404057866459445 -4.3870274663143105
v 0.40619720130679277 3.466142018521167 -5.322357959996899
v -0.32777739779720194 4.353353868359189 -5.27480355560441
v -0.3422230078660519 4.291269716297467 -4.339473061921821
v -0.3435912468170518 3.4804338625197597 -5.332989340676603
v -0.3580368568859018 3.418349710458038 -4.397658846994014
vt 0.8515625 0.765625
vt 0.875 0.765625
vt 0.875 0.73828125
vt 0.8515625 0.73828125
vt 0.822265625 0.765625
vt 0.8515625 0.765625
vt 0.8515625 0.73828125
vt 0.822265625 0.73828125
vt 0.904296875 0.765625
vt 0.927734375 0.765625
vt 0.927734375 0.73828125
vt 0.904296875 0.73828125
vt 0.875 0.765625
vt 0.904296875 0.765625
vt 0.904296875 0.73828125
vt 0.875 0.73828125
vt 0.875 0.765625
vt 0.8515625 0.765625
vt 0.8515625 0.794921875
vt 0.875 0.794921875
vt 0.8984375 0.794921875
vt 0.875 0.794921875
vt 0.875 0.765625
vt 0.8984375 0.765625
vn 0.015408650740106696 0.06622309553250334 -0.997685859928095
vn 0.9997179308317927 -0.019055791998123826 0.014175174239604071
vn -0.015408650740106696 -0.06622309553250334 0.997685859928095
vn -0.9997179308317927 0.019055791998123826 -0.014175174239604071
vn 0.0180729703083999 0.997622863816491 0.0664980400825056
vn -0.0180729703083999 -0.997622863816491 -0.0664980400825056
usemtl m_ee04ce41-02b6-1ab6-19bd-0add19eeaf47
f 244/724/181 247/723/181 245/722/181 242/721/181
f 243/728/182 244/727/182 242/726/182 241/725/182
f 248/732/183 243/731/183 241/730/183 246/729/183
f 247/736/184 248/735/184 246/734/184 245/733/184
f 246/740/185 241/739/185 242/738/185 245/737/185
f 247/744/186 244/743/186 243/742/186 248/741/186
o neck_4_fin
v 0.0374718489340391 4.549117367499426 -4.316493829685054
v 0.049991377660375785 4.602923632619586 -5.127113590876632
v 0.03069448506838912 4.175008793568242 -4.341430594715994
v 0.043214013794725836 4.228815058688402 -5.152050355907572
v 0.049991377660375785 4.602923632619586 -5.127113590876632
v 0.0374718489340391 4.549117367499426 -4.316493829685054
v 0.043214013794725836 4.228815058688402 -5.152050355907572
v 0.03069448506838912 4.175008793568242 -4.341430594715994
vt 0.91015625 0.712890625
vt 0.91015625 0.712890625
vt 0.91015625 0.701171875
vt 0.91015625 0.701171875
vt 0.884765625 0.712890625
vt 0.91015625 0.712890625
vt 0.91015625 0.701171875
vt 0.884765625 0.701171875
vt 0.935546875 0.712890625
vt 0.935546875 0.712890625
vt 0.935546875 0.701171875
vt 0.935546875 0.701171875
vt 0.91015625 0.712890625
vt 0.935546875 0.712890625
vt 0.935546875 0.701171875
vt 0.91015625 0.701171875
vt 0.91015625 0.712890625
vt 0.91015625 0.712890625
vt 0.91015625 0.73828125
vt 0.91015625 0.73828125
vt 0.91015625 0.73828125
vt 0.91015625 0.73828125
vt 0.91015625 0.712890625
vt 0.91015625 0.712890625
vn 0.015408650740106696 0.06622309553250334 -0.997685859928095
vn 0.9997179308317927 -0.019055791998123826 0.014175174239604071
vn -0.015408650740106696 -0.06622309553250334 0.997685859928095
vn -0.9997179308317927 0.019055791998123826 -0.014175174239604071
vn 0.0180729703083999 0.997622863816491 0.0664980400825056
vn -0.0180729703083999 -0.997622863816491 -0.0664980400825056
usemtl m_ee04ce41-02b6-1ab6-19bd-0add19eeaf47
f 252/748/187 255/747/187 253/746/187 250/745/187
f 251/752/188 252/751/188 250/750/188 249/749/188
f 256/756/189 251/755/189 249/754/189 254/753/189
f 255/760/190 256/759/190 254/758/190 253/757/190
f 254/764/191 249/763/191 250/762/191 253/761/191
f 255/768/192 252/767/192 251/766/192 256/765/192
o jaw_group_1
v 0.39747601187145987 3.662153596967438 -6.153605762524173
v 0.4579580769392708 3.5987618029610298 -7.137211196759764
v 0.39125258906533344 3.4252024347783108 -6.138717319160348
v 0.4517346541331444 3.3618106407719024 -7.122322753395938
v -0.1531812989280472 3.6123966877512634 -7.1756690071662605
v -0.2136633639958582 3.675788481757672 -6.19206357293067
v -0.15940472173417364 3.375445525562136 -7.160780563802435
v -0.21988678680198465 3.4388373195685444 -6.1771751295668444
vt 0.16015625 0.32421875
vt 0.1796875 0.32421875
vt 0.1796875 0.31640625
vt 0.16015625 0.31640625
vt 0.12890625 0.32421875
vt 0.16015625 0.32421875
vt 0.16015625 0.31640625
vt 0.12890625 0.31640625
vt 0.2109375 0.32421875
vt 0.23046875 0.32421875
vt 0.23046875 0.31640625
vt 0.2109375 0.31640625
vt 0.1796875 0.32421875
vt 0.2109375 0.32421875
vt 0.2109375 0.31640625
vt 0.1796875 0.31640625
vt 0.1796875 0.32421875
vt 0.16015625 0.32421875
vt 0.16015625 0.35546875
vt 0.1796875 0.35546875
vt 0.19921875 0.35546875
vt 0.1796875 0.35546875
vt 0.1796875 0.32421875
vt 0.19921875 0.32421875
vn 0.06124766082816303 -0.06419422177864118 -0.996056135934774
vn 0.9977785728446008 -0.022261036392218023 0.06278826188815781
vn -0.06124766082816303 0.06419422177864118 0.996056135934774
vn -0.9977785728446008 0.022261036392218023 -0.06278826188815781
vn 0.026203885499479867 0.9976891039542224 -0.0626881825845284
vn -0.026203885499479867 -0.9976891039542224 0.0626881825845284
usemtl m_ee04ce41-02b6-1ab6-19bd-0add19eeaf47
f 260/772/193 263/771/193 261/770/193 258/769/193
f 259/776/194 260/775/194 258/774/194 257/773/194
f 264/780/195 259/779/195 257/778/195 262/777/195
f 263/784/196 264/783/196 262/782/196 261/781/196
f 262/788/197 257/787/197 258/786/197 261/785/197
f 263/792/198 260/791/198 259/790/198 264/789/198
o jaw_group_2
v 0.339864305315453 3.8443760618336547 -6.168892261985629
v 0.3965183915815038 3.7849964066884114 -7.090244187725296
v 0.335278625353044 3.6697804686416657 -6.157921830033336
v 0.3919327116190948 3.6104008134964225 -7.079273755773003
v -0.08989866268023905 3.795848661929618 -7.120853465395773
v -0.1465527489462899 3.8552283170748614 -6.199501539656106
v -0.09448434264264804 3.621253068737629 -7.10988303344348
v -0.15113842890869889 3.6806327238828724 -6.188531107703813
vt 0.263671875 0.29296875
vt 0.279296875 0.29296875
vt 0.279296875 0.287109375
vt 0.263671875 0.287109375
vt 0.234375 0.29296875
vt 0.263671875 0.29296875
vt 0.263671875 0.287109375
vt 0.234375 0.287109375
vt 0.30859375 0.29296875
vt 0.32421875 0.29296875
vt 0.32421875 0.287109375
vt 0.30859375 0.287109375
vt 0.279296875 0.29296875
vt 0.30859375 0.29296875
vt 0.30859375 0.287109375
vt 0.279296875 0.287109375
vt 0.279296875 0.29296875
vt 0.263671875 0.29296875
vt 0.263671875 0.322265625
vt 0.279296875 0.322265625
vt 0.294921875 0.322265625
vt 0.279296875 0.322265625
vt 0.279296875 0.29296875
vt 0.294921875 0.29296875
vn 0.06124766082816303 -0.06419422177864118 -0.996056135934774
vn 0.9977785728446008 -0.022261036392218023 0.06278826188815781
vn -0.06124766082816303 0.06419422177864118 0.996056135934774
vn -0.9977785728446008 0.022261036392218023 -0.06278826188815781
vn 0.026203885499479867 0.9976891039542224 -0.0626881825845284
vn -0.026203885499479867 -0.9976891039542224 0.0626881825845284
usemtl m_ee04ce41-02b6-1ab6-19bd-0add19eeaf47
f 268/796/199 271/795/199 269/794/199 266/793/199
f 267/800/200 268/799/200 266/798/200 265/797/200
f 272/804/201 267/803/201 265/802/201 270/801/201
f 271/808/202 272/807/202 270/806/202 269/805/202
f 270/812/203 265/811/203 266/810/203 269/809/203
f 271/816/204 268/815/204 267/814/204 272/813/204
o jaw_group_3
v 0.5380701332690466 3.9117260818611688 -5.213558393870653
v 0.5954898152954494 3.851543998943693 -6.147361021309504
v 0.5249681905193068 3.4128815298840576 -5.182214302578389
v 0.5823878725457096 3.352699446966582 -6.116016930017239
v -0.4022887575491514 3.8738050353359115 -6.210149283197661
v -0.4597084395755542 3.933987118253387 -5.276346655758811
v -0.4153907002988913 3.3749604833588003 -6.178805191905397
v -0.4728103823252941 3.435142566276276 -5.245002564466547
vt 0.287109375 0.341796875
vt 0.318359375 0.341796875
vt 0.318359375 0.326171875
vt 0.287109375 0.326171875
vt 0.2578125 0.341796875
vt 0.287109375 0.341796875
vt 0.287109375 0.326171875
vt 0.2578125 0.326171875
vt 0.34765625 0.341796875
vt 0.37890625 0.341796875
vt 0.37890625 0.326171875
vt 0.34765625 0.326171875
vt 0.318359375 0.341796875
vt 0.34765625 0.341796875
vt 0.34765625 0.326171875
vt 0.318359375 0.326171875
vt 0.318359375 0.341796875
vt 0.287109375 0.341796875
vt 0.287109375 0.37109375
vt 0.318359375 0.37109375
vt 0.349609375 0.37109375
vt 0.318359375 0.37109375
vt 0.318359375 0.341796875
vt 0.349609375 0.341796875
vn 0.06124766082816303 -0.06419422177864118 -0.996056135934774
vn 0.9977785728446008 -0.022261036392218023 0.06278826188815781
vn -0.06124766082816303 0.06419422177864118 0.996056135934774
vn -0.9977785728446008 0.022261036392218023 -0.06278826188815781
vn 0.026203885499479867 0.9976891039542224 -0.0626881825845284
vn -0.026203885499479867 -0.9976891039542224 0.0626881825845284
usemtl m_ee04ce41-02b6-1ab6-19bd-0add19eeaf47
f 276/820/205 279/819/205 277/818/205 274/817/205
f 275/824/206 276/823/206 274/822/206 273/821/206
f 280/828/207 275/827/207 273/826/207 278/825/207
f 279/832/208 280/831/208 278/830/208 277/829/208
f 278/836/209 273/835/209 274/834/209 277/833/209
f 279/840/210 276/839/210 275/838/210 280/837/210
o jaw_upper_1
v 0.416572282003406 4.190868882511381 -6.170075384634985
v 0.4784848925440831 4.152813114590796 -7.16743118232406
v 0.40427646738795664 3.69135506769073 -6.151778889171023
v 0.4661890779286336 3.653299299770144 -7.149134686860099
v -0.14512671548379247 4.166726262335931 -7.2066738460041595
v -0.20703932602446945 4.204782030256518 -6.209318048315084
v -0.1574225300992419 3.6672124475152805 -7.188377350540197
v -0.21933514063991888 3.7052682154358667 -6.191021552851121
vt 0.4140625 0.33984375
vt 0.43359375 0.33984375
vt 0.43359375 0.32421875
vt 0.4140625 0.32421875
vt 0.3828125 0.33984375
vt 0.4140625 0.33984375
vt 0.4140625 0.32421875
vt 0.3828125 0.32421875
vt 0.46484375 0.33984375
vt 0.484375 0.33984375
vt 0.484375 0.32421875
vt 0.46484375 0.32421875
vt 0.43359375 0.33984375
vt 0.46484375 0.33984375
vt 0.46484375 0.32421875
vt 0.43359375 0.32421875
vt 0.43359375 0.33984375
vt 0.4140625 0.33984375
vt 0.4140625 0.37109375
vt 0.43359375 0.37109375
vt 0.453125 0.37109375
vt 0.43359375 0.37109375
vt 0.43359375 0.33984375
vt 0.453125 0.33984375
vn 0.06191261054067699 -0.03805576792058613 -0.997355797689076
vn 0.9977785728446008 -0.022261036392218027 0.06278826188815782
vn -0.06191261054067699 0.03805576792058613 0.997355797689076
vn -0.9977785728446008 0.022261036392218027 -0.06278826188815782
vn 0.02459162923089887 0.9990276296413022 -0.03659299092792453
vn -0.02459162923089887 -0.9990276296413022 0.03659299092792453
usemtl m_ee04ce41-02b6-1ab6-19bd-0add19eeaf47
f 284/844/211 287/843/211 285/842/211 282/841/211
f 283/848/212 284/847/212 282/846/212 281/845/212
f 288/852/213 283/851/213 281/850/213 286/849/213
f 287/856/214 288/855/214 286/854/214 285/853/214
f 286/860/215 281/859/215 282/858/215 285/857/215
f 287/864/216 284/863/216 283/862/216 288/861/216
o jaw_upper_2
v 0.41181630416198045 3.760136934300623 -6.14766875692496
v 0.4745028223344159 3.7216054692810294 -7.157491502085149
v 0.40536100148886944 3.4978921815197808 -6.1380630968063805
v 0.46804751966130487 3.4593607165001874 -7.147885841966569
v -0.16158101785401713 3.735796879981068 -7.197519019038849
v -0.22426753602645255 3.7743283450006615 -6.187696273878661
v -0.16803632052712808 3.473552127200226 -7.1879133589202695
v -0.2307228386995635 3.5120835922198195 -6.178090613760081
vt 0.03125 0.291015625
vt 0.05078125 0.291015625
vt 0.05078125 0.283203125
vt 0.03125 0.283203125
vt 0 0.291015625
vt 0.03125 0.291015625
vt 0.03125 0.283203125
vt 0 0.283203125
vt 0.08203125 0.291015625
vt 0.1015625 0.291015625
vt 0.1015625 0.283203125
vt 0.08203125 0.283203125
vt 0.05078125 0.291015625
vt 0.08203125 0.291015625
vt 0.08203125 0.283203125
vt 0.05078125 0.283203125
vt 0.05078125 0.291015625
vt 0.03125 0.291015625
vt 0.03125 0.322265625
vt 0.05078125 0.322265625
vt 0.0703125 0.322265625
vt 0.05078125 0.322265625
vt 0.05078125 0.291015625
vt 0.0703125 0.291015625
vn 0.06191261054067699 -0.03805576792058613 -0.997355797689076
vn 0.9977785728446008 -0.022261036392218027 0.06278826188815782
vn -0.06191261054067699 0.03805576792058613 0.997355797689076
vn -0.9977785728446008 0.022261036392218027 -0.06278826188815782
vn 0.02459162923089887 0.9990276296413022 -0.03659299092792453
vn -0.02459162923089887 -0.9990276296413022 0.03659299092792453
usemtl m_ee04ce41-02b6-1ab6-19bd-0add19eeaf47
f 292/868/217 295/867/217 293/866/217 290/865/217
f 291/872/218 292/871/218 290/870/218 289/869/218
f 296/876/219 291/875/219 289/874/219 294/873/219
f 295/880/220 296/879/220 294/878/220 293/877/220
f 294/884/221 289/883/221 290/882/221 293/881/221
f 295/888/222 292/887/222 291/886/222 296/885/222
o jaw_upper_fin
v 0.05207572841037844 4.610516585420024 -5.206063290383931
v 0.1759009494917324 4.534405049578853 -7.2007748857620815
v 0.04285386744879133 4.235881224304536 -5.192340918785959
v 0.16667908853014535 4.1597696884633635 -7.18705251416411
v 0.1759009494917324 4.534405049578853 -7.2007748857620815
v 0.05207572841037844 4.610516585420024 -5.206063290383931
v 0.16667908853014535 4.1597696884633635 -7.18705251416411
v 0.04285386744879133 4.235881224304536 -5.192340918785959
vt 0.19140625 0.37109375
vt 0.19140625 0.37109375
vt 0.19140625 0.359375
vt 0.19140625 0.359375
vt 0.12890625 0.37109375
vt 0.19140625 0.37109375
vt 0.19140625 0.359375
vt 0.12890625 0.359375
vt 0.25390625 0.37109375
vt 0.25390625 0.37109375
vt 0.25390625 0.359375
vt 0.25390625 0.359375
vt 0.19140625 0.37109375
vt 0.25390625 0.37109375
vt 0.25390625 0.359375
vt 0.19140625 0.359375
vt 0.19140625 0.37109375
vt 0.19140625 0.37109375
vt 0.19140625 0.43359375
vt 0.19140625 0.43359375
vt 0.19140625 0.43359375
vt 0.19140625 0.43359375
vt 0.19140625 0.37109375
vt 0.19140625 0.37109375
vn 0.06191261054067699 -0.03805576792058613 -0.997355797689076
vn 0.9977785728446008 -0.022261036392218027 0.06278826188815782
vn -0.06191261054067699 0.03805576792058613 0.997355797689076
vn -0.9977785728446008 0.022261036392218027 -0.06278826188815782
vn 0.02459162923089887 0.9990276296413022 -0.03659299092792453
vn -0.02459162923089887 -0.9990276296413022 0.03659299092792453
usemtl m_ee04ce41-02b6-1ab6-19bd-0add19eeaf47
f 300/892/223 303/891/223 301/890/223 298/889/223
f 299/896/224 300/895/224 298/894/224 297/893/224
f 304/900/225 299/899/225 297/898/225 302/897/225
f 303/904/226 304/903/226 302/902/226 301/901/226
f 302/908/227 297/907/227 298/906/227 301/905/227
f 303/912/228 300/911/228 299/910/228 304/909/228
o jaw_upper_3
v 0.544817107524954 4.349629159813589 -5.165520911707871
v 0.6067297180656311 4.311573391893003 -6.162876709396946
v 0.5340582697364359 3.91255457184552 -5.149511478176904
v 0.5959708802771128 3.8744988039249337 -6.146867275865979
v -0.3910488547789697 4.333834428285222 -6.225664971285104
v -0.4529614653196467 4.371890196205808 -5.2283091735960285
v -0.401807692567488 3.896759840317152 -6.209655537754137
v -0.463720303108165 3.9348156082377383 -5.2122997400650615
vt 0.03125 0.33984375
vt 0.0625 0.33984375
vt 0.0625 0.326171875
vt 0.03125 0.326171875
vt 0 0.33984375
vt 0.03125 0.33984375
vt 0.03125 0.326171875
vt 0 0.326171875
vt 0.09375 0.33984375
vt 0.125 0.33984375
vt 0.125 0.326171875
vt 0.09375 0.326171875
vt 0.0625 0.33984375
vt 0.09375 0.33984375
vt 0.09375 0.326171875
vt 0.0625 0.326171875
vt 0.0625 0.33984375
vt 0.03125 0.33984375
vt 0.03125 0.37109375
vt 0.0625 0.37109375
vt 0.09375 0.37109375
vt 0.0625 0.37109375
vt 0.0625 0.33984375
vt 0.09375 0.33984375
vn 0.06191261054067699 -0.03805576792058613 -0.997355797689076
vn 0.9977785728446008 -0.022261036392218027 0.06278826188815782
vn -0.06191261054067699 0.03805576792058613 0.997355797689076
vn -0.9977785728446008 0.022261036392218027 -0.06278826188815782
vn 0.02459162923089887 0.9990276296413022 -0.03659299092792453
vn -0.02459162923089887 -0.9990276296413022 0.03659299092792453
usemtl m_ee04ce41-02b6-1ab6-19bd-0add19eeaf47
f 308/916/229 311/915/229 309/914/229 306/913/229
f 307/920/230 308/919/230 306/918/230 305/917/230
f 312/924/231 307/923/231 305/922/231 310/921/231
f 311/928/232 312/927/232 310/926/232 309/925/232
f 310/932/233 305/931/233 306/930/233 309/929/233
f 311/936/234 308/935/234 307/934/234 312/933/234
o eyebrow_left
v -0.37262902775204676 4.548726635103897 -5.516024232144293
v -0.12161125958103858 4.3737515323012515 -6.26870613272491
v -0.3875252135368239 4.365639161598776 -5.478429941426459
v -0.13650744536581572 4.190664058796131 -6.231111842007076
v -0.41778498760869676 4.3773930799441745 -6.368325969890823
v -0.6688027557797049 4.55236818274682 -5.615644069310206
v -0.4326811733934739 4.1943056064390545 -6.330731679172989
v -0.6836989415644821 4.3692807092417 -5.578049778592372
vt 0.353515625 0.294921875
vt 0.36328125 0.294921875
vt 0.36328125 0.2890625
vt 0.353515625 0.2890625
vt 0.328125 0.294921875
vt 0.353515625 0.294921875
vt 0.353515625 0.2890625
vt 0.328125 0.2890625
vt 0.388671875 0.294921875
vt 0.3984375 0.294921875
vt 0.3984375 0.2890625
vt 0.388671875 0.2890625
vt 0.36328125 0.294921875
vt 0.388671875 0.294921875
vt 0.388671875 0.2890625
vt 0.36328125 0.2890625
vt 0.36328125 0.294921875
vt 0.353515625 0.294921875
vt 0.353515625 0.3203125
vt 0.36328125 0.3203125
vt 0.373046875 0.3203125
vt 0.36328125 0.3203125
vt 0.36328125 0.294921875
vt 0.373046875 0.294921875
vn 0.30894494544124096 -0.21535397268017845 -0.9263777237915286
vn 0.9477559296885061 -0.011652952457354983 0.3187834789309227
vn -0.30894494544124096 0.21535397268017845 0.9263777237915286
vn -0.9477559296885061 0.011652952457354983 -0.3187834789309227
vn 0.07944632418547755 0.9764665253606454 -0.20050288382844877
vn -0.07944632418547755 -0.9764665253606454 0.20050288382844877
usemtl m_ee04ce41-02b6-1ab6-19bd-0add19eeaf47
f 316/940/235 319/939/235 317/938/235 314/937/235
f 315/944/236 316/943/236 314/942/236 313/941/236
f 320/948/237 315/947/237 313/946/237 318/945/237
f 319/952/238 320/951/238 318/950/238 317/949/238
f 318/956/239 313/955/239 314/954/239 317/953/239
f 319/960/240 316/959/240 315/958/240 320/957/240
o eyebrow_right
v 0.8152921488785292 4.51925713829142 -5.522252868019021
v 0.6530386343788053 4.353502364842174 -6.30094112535393
v 0.8172123194368701 4.3357944818241405 -5.483600356755254
v 0.6549588049371462 4.170039708374895 -6.262288614090163
v 0.3468498046386832 4.363299885931253 -6.239226790529
v 0.5091033191384071 4.529054659380499 -5.460538533194091
v 0.34876997519702413 4.179837229463974 -6.200574279265233
v 0.511023489696748 4.34559200291322 -5.421886021930324
vt 0.353515625 0.294921875
vt 0.36328125 0.294921875
vt 0.36328125 0.2890625
vt 0.353515625 0.2890625
vt 0.328125 0.294921875
vt 0.353515625 0.294921875
vt 0.353515625 0.2890625
vt 0.328125 0.2890625
vt 0.388671875 0.294921875
vt 0.3984375 0.294921875
vt 0.3984375 0.2890625
vt 0.388671875 0.2890625
vt 0.36328125 0.294921875
vt 0.388671875 0.294921875
vt 0.388671875 0.2890625
vt 0.36328125 0.2890625
vt 0.36328125 0.294921875
vt 0.353515625 0.294921875
vt 0.353515625 0.3203125
vt 0.36328125 0.3203125
vt 0.373046875 0.3203125
vt 0.36328125 0.3203125
vt 0.36328125 0.294921875
vt 0.373046875 0.294921875
vn -0.1996966332304294 -0.20400587501445638 -0.9583855474891185
vn 0.9798042551683908 -0.03135206748505345 -0.19748587143977625
vn 0.1996966332304294 0.20400587501445638 0.9583855474891185
vn -0.9798042551683908 0.03135206748505345 0.19748587143977625
vn -0.010240909644485225 0.9784675011588267 -0.2061467267400936
vn 0.010240909644485225 -0.9784675011588267 0.2061467267400936
usemtl m_ee04ce41-02b6-1ab6-19bd-0add19eeaf47
f 324/964/241 327/963/241 325/962/241 322/961/241
f 323/968/242 324/967/242 322/966/242 321/965/242
f 328/972/243 323/971/243 321/970/243 326/969/243
f 327/976/244 328/975/244 326/974/244 325/973/244
f 326/980/245 321/979/245 322/978/245 325/977/245
f 327/984/246 324/983/246 323/982/246 328/981/246
o horn_left
v -0.31843304149386253 4.607906041588425 -5.028125951320482
v -0.13040484570770539 4.420631572161537 -5.593986950763172
v -0.3582094164155565 4.25016300159377 -4.922946308169004
v -0.17018122062939933 4.062888532166882 -5.488807307611695
v -0.48581331934089533 4.425001429333045 -5.713530755362268
v -0.6738415151270525 4.612275898759933 -5.147669755919578
v -0.5255896942625891 4.067258389338391 -5.60835111221079
v -0.7136178900487462 4.254532858765279 -5.0424901127681006
vt 0.421875 0.30078125
vt 0.43359375 0.30078125
vt 0.43359375 0.2890625
vt 0.421875 0.2890625
vt 0.40234375 0.30078125
vt 0.421875 0.30078125
vt 0.421875 0.2890625
vt 0.40234375 0.2890625
vt 0.453125 0.30078125
vt 0.46484375 0.30078125
vt 0.46484375 0.2890625
vt 0.453125 0.2890625
vt 0.43359375 0.30078125
vt 0.453125 0.30078125
vt 0.453125 0.2890625
vt 0.43359375 0.2890625
vt 0.43359375 0.30078125
vt 0.421875 0.30078125
vt 0.421875 0.3203125
vt 0.43359375 0.3203125
vt 0.4453125 0.3203125
vt 0.43359375 0.3203125
vt 0.43359375 0.30078125
vt 0.4453125 0.30078125
vn 0.3008451132578514 -0.2996391510830204 -0.9053775991083045
vn 0.9477559296885061 -0.011652952457354955 0.31878347893092274
vn -0.3008451132578514 0.2996391510830204 0.9053775991083045
vn -0.9477559296885061 0.011652952457354955 -0.31878347893092274
vn 0.10607033312451686 0.953981439985744 -0.2804790484039415
vn -0.10607033312451686 -0.953981439985744 0.2804790484039415
usemtl m_ee04ce41-02b6-1ab6-19bd-0add19eeaf47
f 332/988/247 335/987/247 333/986/247 330/985/247
f 331/992/248 332/991/248 330/990/248 329/989/248
f 336/996/249 331/995/249 329/994/249 334/993/249
f 335/1000/250 336/999/250 334/998/250 333/997/250
f 334/1004/251 329/1003/251 330/1002/251 333/1001/251
f 335/1008/252 332/1007/252 331/1006/252 336/1005/252
o horn_left_tip
v -0.6061279089124672 4.777909683129793 -4.558698986688426
v -0.43690253270492585 4.609362660645594 -5.067973886186848
v -0.6260160963733141 4.599038163132466 -4.506109165112687
v -0.4567907201657726 4.430491140648266 -5.0153840646111085
v -0.6738415151270525 4.612275898759933 -5.147669755919578
v -0.8430668913345938 4.780822921244131 -4.638394856421157
v -0.6937297025878993 4.433404378762606 -5.095079934343839
v -0.8629550787954406 4.601951401246804 -4.585805034845418
vt 0.123046875 0.294921875
vt 0.130859375 0.294921875
vt 0.130859375 0.2890625
vt 0.123046875 0.2890625
vt 0.10546875 0.294921875
vt 0.123046875 0.294921875
vt 0.123046875 0.2890625
vt 0.10546875 0.2890625
vt 0.1484375 0.294921875
vt 0.15625 0.294921875
vt 0.15625 0.2890625
vt 0.1484375 0.2890625
vt 0.130859375 0.294921875
vt 0.1484375 0.294921875
vt 0.1484375 0.2890625
vt 0.130859375 0.2890625
vt 0.130859375 0.294921875
vt 0.123046875 0.294921875
vt 0.123046875 0.3125
vt 0.130859375 0.3125
vt 0.138671875 0.3125
vt 0.130859375 0.3125
vt 0.130859375 0.294921875
vt 0.138671875 0.294921875
vn 0.3008451132578514 -0.2996391510830204 -0.9053775991083045
vn 0.9477559296885061 -0.011652952457354955 0.31878347893092274
vn -0.3008451132578514 0.2996391510830204 0.9053775991083045
vn -0.9477559296885061 0.011652952457354955 -0.31878347893092274
vn 0.10607033312451686 0.953981439985744 -0.2804790484039415
vn -0.10607033312451686 -0.953981439985744 0.2804790484039415
usemtl m_ee04ce41-02b6-1ab6-19bd-0add19eeaf47
f 340/1012/253 343/1011/253 341/1010/253 338/1009/253
f 339/1016/254 340/1015/254 338/1014/254 337/1013/254
f 344/1020/255 339/1019/255 337/1018/255 342/1017/255
f 343/1024/256 344/1023/256 342/1022/256 341/1021/256
f 342/1028/257 337/1027/257 338/1026/257 341/1025/257
f 343/1032/258 340/1031/258 339/1030/258 344/1029/258
o horn_right
v 0.7631880390220573 4.5796216573541395 -5.073436725734485
v 0.6394104307942767 4.399303761799819 -5.658919057017225
v 0.7735405321288864 4.220760212348741 -4.965102570570428
v 0.6497629239011058 4.040442316794421 -5.550584901853168
v 0.2719838351061301 4.411060787106715 -5.584861855227309
v 0.3957614433339108 4.591378682661035 -4.999379523944569
v 0.2823363282129593 4.052199342101316 -5.476527700063252
v 0.4061139364407399 4.232517237655635 -4.891045368780512
vt 0.421875 0.30078125
vt 0.43359375 0.30078125
vt 0.43359375 0.2890625
vt 0.421875 0.2890625
vt 0.40234375 0.30078125
vt 0.421875 0.30078125
vt 0.421875 0.2890625
vt 0.40234375 0.2890625
vt 0.453125 0.30078125
vt 0.46484375 0.30078125
vt 0.46484375 0.2890625
vt 0.453125 0.2890625
vt 0.43359375 0.30078125
vt 0.453125 0.30078125
vt 0.453125 0.2890625
vt 0.43359375 0.2890625
vt 0.43359375 0.30078125
vt 0.421875 0.30078125
vt 0.421875 0.3203125
vt 0.43359375 0.3203125
vt 0.4453125 0.3203125
vt 0.43359375 0.3203125
vt 0.43359375 0.30078125
vt 0.4453125 0.30078125
vn -0.19804417316444892 -0.28850863288691136 -0.9367717300523833
vn 0.9798042551683906 -0.03135206748505349 -0.19748587143977625
vn 0.19804417316444892 0.28850863288691136 0.9367717300523833
vn -0.9798042551683906 0.03135206748505349 0.19748587143977625
vn -0.02760664828487758 0.9569638533477314 -0.28889108043748435
vn 0.02760664828487758 -0.9569638533477314 0.28889108043748435
usemtl m_ee04ce41-02b6-1ab6-19bd-0add19eeaf47
f 348/1036/259 351/1035/259 349/1034/259 346/1033/259
f 347/1040/260 348/1039/260 346/1038/260 345/1037/260
f 352/1044/261 347/1043/261 345/1042/261 350/1041/261
f 351/1048/262 352/1047/262 350/1046/262 349/1045/262
f 350/1052/263 345/1051/263 346/1050/263 349/1049/263
f 351/1056/264 348/1055/264 347/1054/264 352/1053/264
o horn_right_tip
v 0.87458788642706 4.741907763353026 -4.54650262758002
v 0.7631880390220573 4.5796216573541395 -5.073436725734485
v 0.8797641329804745 4.562477040850327 -4.492335549997992
v 0.7683642855754719 4.40019093485144 -5.019269648152457
v 0.5182369752299597 4.587459674225403 -5.024065257874541
v 0.6296368226349623 4.7497457802242895 -4.497131159720076
v 0.5234132217833742 4.408028951722703 -4.969898180292512
v 0.6348130691883769 4.570315057721591 -4.442964082138047
vt 0.123046875 0.294921875
vt 0.130859375 0.294921875
vt 0.130859375 0.2890625
vt 0.123046875 0.2890625
vt 0.10546875 0.294921875
vt 0.123046875 0.294921875
vt 0.123046875 0.2890625
vt 0.10546875 0.2890625
vt 0.1484375 0.294921875
vt 0.15625 0.294921875
vt 0.15625 0.2890625
vt 0.1484375 0.2890625
vt 0.130859375 0.294921875
vt 0.1484375 0.294921875
vt 0.1484375 0.2890625
vt 0.130859375 0.2890625
vt 0.130859375 0.294921875
vt 0.123046875 0.294921875
vt 0.123046875 0.3125
vt 0.130859375 0.3125
vt 0.138671875 0.3125
vt 0.130859375 0.3125
vt 0.130859375 0.294921875
vt 0.138671875 0.294921875
vn -0.19804417316444892 -0.28850863288691136 -0.9367717300523833
vn 0.9798042551683906 -0.03135206748505349 -0.19748587143977625
vn 0.19804417316444892 0.28850863288691136 0.9367717300523833
vn -0.9798042551683906 0.03135206748505349 0.19748587143977625
vn -0.02760664828487758 0.9569638533477314 -0.28889108043748435
vn 0.02760664828487758 -0.9569638533477314 0.28889108043748435
usemtl m_ee04ce41-02b6-1ab6-19bd-0add19eeaf47
f 356/1060/265 359/1059/265 357/1058/265 354/1057/265
f 355/1064/266 356/1063/266 354/1062/266 353/1061/266
f 360/1068/267 355/1067/267 353/1066/267 358/1065/267
f 359/1072/268 360/1071/268 358/1070/268 357/1069/268
f 358/1076/269 353/1075/269 354/1074/269 357/1073/269
f 359/1080/270 356/1079/270 355/1078/270 360/1077/270
o tail_1
v 0.819211415756562 4.45222822545919 3.839855265176668
v 0.8189731284194124 4.439617152492626 2.746177997168515
v 0.7908757258575072 2.9525956509822526 3.857153538085196
v 0.7906374385203576 2.939984578015688 2.7634762700770428
v -0.8057368669385754 4.47031619130246 2.746177997168515
v -0.8054985796014258 4.482927264269024 3.839855265176668
v -0.8340725568376302 2.970683616825522 2.7634762700770428
v -0.8338342695004806 2.9832946897920865 3.857153538085196
vt 0.525390625 0.337890625
vt 0.576171875 0.337890625
vt 0.576171875 0.291015625
vt 0.525390625 0.291015625
vt 0.4921875 0.337890625
vt 0.525390625 0.337890625
vt 0.525390625 0.291015625
vt 0.4921875 0.291015625
vt 0.609375 0.337890625
vt 0.66015625 0.337890625
vt 0.66015625 0.291015625
vt 0.609375 0.291015625
vt 0.576171875 0.337890625
vt 0.609375 0.337890625
vt 0.609375 0.291015625
vt 0.576171875 0.291015625
vt 0.576171875 0.337890625
vt 0.525390625 0.337890625
vt 0.525390625 0.37109375
vt 0.576171875 0.37109375
vt 0.626953125 0.37109375
vt 0.576171875 0.37109375
vt 0.576171875 0.337890625
vt 0.626953125 0.337890625
vn -0.0002178627082510728 -0.011530123855144644 -0.9999335021788825
vn 0.9998215356049156 -0.018891716190667127 -5.421010862427523e-20
vn 0.0002178627082510728 0.011530123855144644 0.9999335021788825
vn -0.9998215356049156 0.018891716190667127 5.421010862427523e-20
vn 0.018890459932703274 0.9997550496512915 -0.011532181939018395
vn -0.018890459932703274 -0.9997550496512915 0.011532181939018395
usemtl m_ee04ce41-02b6-1ab6-19bd-0add19eeaf47
f 364/1084/271 367/1083/271 365/1082/271 362/1081/271
f 363/1088/272 364/1087/272 362/1086/272 361/1085/272
f 368/1092/273 363/1091/273 361/1090/273 366/1089/273
f 367/1096/274 368/1095/274 366/1094/274 365/1093/274
f 366/1100/275 361/1099/275 362/1098/275 365/1097/275
f 367/1104/276 364/1103/276 363/1102/276 368/1101/276
o tail_1_fin
v 0.01630164804391987 4.9674552696897525 3.834089174207159
v 0.016063360706770252 4.954844196723188 2.740411906199006
v 0.006856418077568233 4.467577744864107 3.839855265176668
v 0.006618130740418615 4.454966671897543 2.746177997168515
v 0.016063360706770252 4.954844196723188 2.740411906199006
v 0.01630164804391987 4.9674552696897525 3.834089174207159
v 0.006618130740418615 4.454966671897543 2.746177997168515
v 0.006856418077568233 4.467577744864107 3.839855265176668
vt 0.525390625 0.19140625
vt 0.525390625 0.19140625
vt 0.525390625 0.17578125
vt 0.525390625 0.17578125
vt 0.4921875 0.19140625
vt 0.525390625 0.19140625
vt 0.525390625 0.17578125
vt 0.4921875 0.17578125
vt 0.55859375 0.19140625
vt 0.55859375 0.19140625
vt 0.55859375 0.17578125
vt 0.55859375 0.17578125
vt 0.525390625 0.19140625
vt 0.55859375 0.19140625
vt 0.55859375 0.17578125
vt 0.525390625 0.17578125
vt 0.525390625 0.19140625
vt 0.525390625 0.19140625
vt 0.525390625 0.224609375
vt 0.525390625 0.224609375
vt 0.525390625 0.224609375
vt 0.525390625 0.224609375
vt 0.525390625 0.19140625
vt 0.525390625 0.19140625
vn -0.0002178627082510728 -0.011530123855144644 -0.9999335021788825
vn 0.9998215356049156 -0.018891716190667127 -5.421010862427523e-20
vn 0.0002178627082510728 0.011530123855144644 0.9999335021788825
vn -0.9998215356049156 0.018891716190667127 5.421010862427523e-20
vn 0.018890459932703274 0.9997550496512915 -0.011532181939018395
vn -0.018890459932703274 -0.9997550496512915 0.011532181939018395
usemtl m_ee04ce41-02b6-1ab6-19bd-0add19eeaf47
f 372/1108/277 375/1107/277 373/1106/277 370/1105/277
f 371/1112/278 372/1111/278 370/1110/278 369/1109/278
f 376/1116/279 371/1115/279 369/1114/279 374/1113/279
f 375/1120/280 376/1119/280 374/1118/280 373/1117/280
f 374/1124/281 369/1123/281 370/1122/281 373/1121/281
f 375/1128/282 372/1127/282 371/1126/282 376/1125/282
o tail_2
v 0.8193952374166489 4.4619567674619685 4.6835491576401
v 0.8191569500794992 4.449345694495404 3.5898718896319477
v 0.791059547517594 2.9623241929850312 4.700847430548627
v 0.7908212601804443 2.9497131200184667 3.6071701625404753
v -0.8055530452784886 4.480044733305238 3.5898718896319477
v -0.8053147579413389 4.492655806271802 4.6835491576401
v -0.8338887351775435 2.9804121588283006 3.6071701625404753
v -0.8336504478403938 2.993023231794865 4.700847430548627
vt 0.697265625 0.337890625
vt 0.748046875 0.337890625
vt 0.748046875 0.291015625
vt 0.697265625 0.291015625
vt 0.6640625 0.337890625
vt 0.697265625 0.337890625
vt 0.697265625 0.291015625
vt 0.6640625 0.291015625
vt 0.78125 0.337890625
vt 0.83203125 0.337890625
vt 0.83203125 0.291015625
vt 0.78125 0.291015625
vt 0.748046875 0.337890625
vt 0.78125 0.337890625
vt 0.78125 0.291015625
vt 0.748046875 0.291015625
vt 0.748046875 0.337890625
vt 0.697265625 0.337890625
vt 0.697265625 0.37109375
vt 0.748046875 0.37109375
vt 0.798828125 0.37109375
vt 0.748046875 0.37109375
vt 0.748046875 0.337890625
vt 0.798828125 0.337890625
vn -0.0002178627082510728 -0.011530123855144644 -0.9999335021788825
vn 0.9998215356049156 -0.018891716190667127 -5.421010862427523e-20
vn 0.0002178627082510728 0.011530123855144644 0.9999335021788825
vn -0.9998215356049156 0.018891716190667127 5.421010862427523e-20
vn 0.018890459932703274 0.9997550496512915 -0.011532181939018395
vn -0.018890459932703274 -0.9997550496512915 0.011532181939018395
usemtl m_ee04ce41-02b6-1ab6-19bd-0add19eeaf47
f 380/1132/283 383/1131/283 381/1130/283 378/1129/283
f 379/1136/284 380/1135/284 378/1134/284 377/1133/284
f 384/1140/285 379/1139/285 377/1138/285 382/1137/285
f 383/1144/286 384/1143/286 382/1142/286 381/1141/286
f 382/1148/287 377/1147/287 378/1146/287 381/1145/287
f 383/1152/288 380/1151/288 379/1150/288 384/1149/288
o tail_2_fin
v 0.01648546970400669 4.977183811692532 4.677783066670591
v 0.016247182366857085 4.964572738725968 3.5841057986624385
v 0.007040239737655052 4.477306286866886 4.6835491576401
v 0.006801952400505448 4.464695213900322 3.5898718896319477
v 0.016247182366857085 4.964572738725968 3.5841057986624385
v 0.01648546970400669 4.977183811692532 4.677783066670591
v 0.006801952400505448 4.464695213900322 3.5898718896319477
v 0.007040239737655052 4.477306286866886 4.6835491576401
vt 0.759765625 0.181640625
vt 0.759765625 0.181640625
vt 0.759765625 0.166015625
vt 0.759765625 0.166015625
vt 0.7265625 0.181640625
vt 0.759765625 0.181640625
vt 0.759765625 0.166015625
vt 0.7265625 0.166015625
vt 0.79296875 0.181640625
vt 0.79296875 0.181640625
vt 0.79296875 0.166015625
vt 0.79296875 0.166015625
vt 0.759765625 0.181640625
vt 0.79296875 0.181640625
vt 0.79296875 0.166015625
vt 0.759765625 0.166015625
vt 0.759765625 0.181640625
vt 0.759765625 0.181640625
vt 0.759765625 0.21484375
vt 0.759765625 0.21484375
vt 0.759765625 0.21484375
vt 0.759765625 0.21484375
vt 0.759765625 0.181640625
vt 0.759765625 0.181640625
vn -0.0002178627082510728 -0.011530123855144644 -0.9999335021788825
vn 0.9998215356049156 -0.018891716190667127 -5.421010862427523e-20
vn 0.0002178627082510728 0.011530123855144644 0.9999335021788825
vn -0.9998215356049156 0.018891716190667127 5.421010862427523e-20
vn 0.018890459932703274 0.9997550496512915 -0.011532181939018395
vn -0.018890459932703274 -0.9997550496512915 0.011532181939018395
usemtl m_ee04ce41-02b6-1ab6-19bd-0add19eeaf47
f 388/1156/289 391/1155/289 389/1154/289 386/1153/289
f 387/1160/290 388/1159/290 386/1158/290 385/1157/290
f 392/1164/291 387/1163/291 385/1162/291 390/1161/291
f 391/1168/292 392/1167/292 390/1166/292 389/1165/292
f 390/1172/293 385/1171/293 386/1170/293 389/1169/293
f 391/1176/294 388/1175/294 387/1174/294 392/1173/294
o tail_3
v 0.3810150179703132 4.419505135351837 5.70482704967261
v 0.3807926618437044 4.40773720269218 4.684269919011289
v 0.3644858655291978 3.5447194669069564 5.714917708869251
v 0.36426350940258906 3.5329515342472995 4.69436057820793
v -0.36907348985998223 4.42190598983518 4.684269919011289
v -0.36885113373337347 4.433673922494837 5.70482704967261
v -0.3856026423010976 3.5471203213902998 4.69436057820793
v -0.38538028617448883 3.5588882540499567 5.714917708869251
vt 0.87890625 0.2109375
vt 0.90234375 0.2109375
vt 0.90234375 0.18359375
vt 0.87890625 0.18359375
vt 0.84765625 0.2109375
vt 0.87890625 0.2109375
vt 0.87890625 0.18359375
vt 0.84765625 0.18359375
vt 0.93359375 0.2109375
vt 0.95703125 0.2109375
vt 0.95703125 0.18359375
vt 0.93359375 0.18359375
vt 0.90234375 0.2109375
vt 0.93359375 0.2109375
vt 0.93359375 0.18359375
vt 0.90234375 0.18359375
vt 0.90234375 0.2109375
vt 0.87890625 0.2109375
vt 0.87890625 0.2421875
vt 0.90234375 0.2421875
vt 0.92578125 0.2421875
vt 0.90234375 0.2421875
vt 0.90234375 0.2109375
vt 0.92578125 0.2109375
vn -0.0002178627082510728 -0.011530123855144644 -0.9999335021788825
vn 0.9998215356049156 -0.018891716190667127 -5.421010862427523e-20
vn 0.0002178627082510728 0.011530123855144644 0.9999335021788825
vn -0.9998215356049156 0.018891716190667127 5.421010862427523e-20
vn 0.018890459932703274 0.9997550496512915 -0.011532181939018395
vn -0.018890459932703274 -0.9997550496512915 0.011532181939018395
usemtl m_ee04ce41-02b6-1ab6-19bd-0add19eeaf47
f 396/1180/295 399/1179/295 397/1178/295 394/1177/295
f 395/1184/296 396/1183/296 394/1182/296 393/1181/296
f 400/1188/297 395/1187/297 393/1186/297 398/1185/297
f 399/1192/298 400/1191/298 398/1190/298 397/1189/298
f 398/1196/299 393/1195/299 394/1194/299 397/1193/299
f 399/1200/300 396/1199/300 395/1198/300 400/1197/300
o tail_3_fin
v 0.01434651833902753 4.863982363145777 5.69978172007429
v 0.014124162212418773 4.85221443048612 4.679224589412969
v 0.006081942118469852 4.426589528923337 5.70482704967261
v 0.005859585991861094 4.41482159626368 4.684269919011289
v 0.014124162212418773 4.85221443048612 4.679224589412969
v 0.01434651833902753 4.863982363145777 5.69978172007429
v 0.005859585991861094 4.41482159626368 4.684269919011289
v 0.006081942118469852 4.426589528923337 5.70482704967261
vt 0.828125 0.1796875
vt 0.828125 0.1796875
vt 0.828125 0.166015625
vt 0.828125 0.166015625
vt 0.796875 0.1796875
vt 0.828125 0.1796875
vt 0.828125 0.166015625
vt 0.796875 0.166015625
vt 0.859375 0.1796875
vt 0.859375 0.1796875
vt 0.859375 0.166015625
vt 0.859375 0.166015625
vt 0.828125 0.1796875
vt 0.859375 0.1796875
vt 0.859375 0.166015625
vt 0.828125 0.166015625
vt 0.828125 0.1796875
vt 0.828125 0.1796875
vt 0.828125 0.2109375
vt 0.828125 0.2109375
vt 0.828125 0.2109375
vt 0.828125 0.2109375
vt 0.828125 0.1796875
vt 0.828125 0.1796875
vn -0.0002178627082510728 -0.011530123855144644 -0.9999335021788825
vn 0.9998215356049156 -0.018891716190667127 -5.421010862427523e-20
vn 0.0002178627082510728 0.011530123855144644 0.9999335021788825
vn -0.9998215356049156 0.018891716190667127 5.421010862427523e-20
vn 0.018890459932703274 0.9997550496512915 -0.011532181939018395
vn -0.018890459932703274 -0.9997550496512915 0.011532181939018395
usemtl m_ee04ce41-02b6-1ab6-19bd-0add19eeaf47
f 404/1204/301 407/1203/301 405/1202/301 402/1201/301
f 403/1208/302 404/1207/302 402/1206/302 401/1205/302
f 408/1212/303 403/1211/303 401/1210/303 406/1209/303
f 407/1216/304 408/1215/304 406/1214/304 405/1213/304
f 406/1220/305 401/1219/305 402/1218/305 405/1217/305
f 407/1224/306 404/1223/306 403/1222/306 408/1221/306
o tail_4
v 0.38121027742258323 4.4298390088570105 6.601017451000435
v 0.38096055229325043 4.416622604388051 5.45484367412789
v 0.3646811249814679 3.55505334041213 6.611108110197076
v 0.3644313998521351 3.5418369359431705 5.464934333324531
v -0.3689055994104362 4.43079139153105 5.45484367412789
v -0.3686558742811034 4.44400779600001 6.601017451000435
v -0.38543475185155157 3.556005723086171 5.464934333324531
v -0.38518502672221877 3.5692221275551304 6.611108110197076
vt 0.52734375 0.251953125
vt 0.55078125 0.251953125
vt 0.55078125 0.224609375
vt 0.52734375 0.224609375
vt 0.4921875 0.251953125
vt 0.52734375 0.251953125
vt 0.52734375 0.224609375
vt 0.4921875 0.224609375
vt 0.5859375 0.251953125
vt 0.609375 0.251953125
vt 0.609375 0.224609375
vt 0.5859375 0.224609375
vt 0.55078125 0.251953125
vt 0.5859375 0.251953125
vt 0.5859375 0.224609375
vt 0.55078125 0.224609375
vt 0.55078125 0.251953125
vt 0.52734375 0.251953125
vt 0.52734375 0.287109375
vt 0.55078125 0.287109375
vt 0.57421875 0.287109375
vt 0.55078125 0.287109375
vt 0.55078125 0.251953125
vt 0.57421875 0.251953125
vn -0.0002178627082510728 -0.011530123855144644 -0.9999335021788825
vn 0.9998215356049156 -0.018891716190667127 -5.421010862427523e-20
vn 0.0002178627082510728 0.011530123855144644 0.9999335021788825
vn -0.9998215356049156 0.018891716190667127 5.421010862427523e-20
vn 0.018890459932703274 0.9997550496512915 -0.011532181939018395
vn -0.018890459932703274 -0.9997550496512915 0.011532181939018395
usemtl m_ee04ce41-02b6-1ab6-19bd-0add19eeaf47
f 412/1228/307 415/1227/307 413/1226/307 410/1225/307
f 411/1232/308 412/1231/308 410/1230/308 409/1229/308
f 416/1236/309 411/1235/309 409/1234/309 414/1233/309
f 415/1240/310 416/1239/310 414/1238/310 413/1237/310
f 414/1244/311 409/1243/311 410/1242/311 413/1241/311
f 415/1248/312 412/1247/312 411/1246/312 416/1245/312
o tail_4_fin
v 0.014541777791297547 4.87431623665095 6.595972121402115
v 0.01429205266196476 4.86109983218199 5.44979834452957
v 0.006277201570739868 4.43692340242851 6.601017451000435
v 0.006027476441407081 4.423706997959551 5.45484367412789
v 0.01429205266196476 4.86109983218199 5.44979834452957
v 0.014541777791297547 4.87431623665095 6.595972121402115
v 0.006027476441407081 4.423706997959551 5.45484367412789
v 0.006277201570739868 4.43692340242851 6.601017451000435
vt 0.52734375 0.208984375
vt 0.52734375 0.208984375
vt 0.52734375 0.1953125
vt 0.52734375 0.1953125
vt 0.4921875 0.208984375
vt 0.52734375 0.208984375
vt 0.52734375 0.1953125
vt 0.4921875 0.1953125
vt 0.5625 0.208984375
vt 0.5625 0.208984375
vt 0.5625 0.1953125
vt 0.5625 0.1953125
vt 0.52734375 0.208984375
vt 0.5625 0.208984375
vt 0.5625 0.1953125
vt 0.52734375 0.1953125
vt 0.52734375 0.208984375
vt 0.52734375 0.208984375
vt 0.52734375 0.244140625
vt 0.52734375 0.244140625
vt 0.52734375 0.244140625
vt 0.52734375 0.244140625
vt 0.52734375 0.208984375
vt 0.52734375 0.208984375
vn -0.0002178627082510728 -0.011530123855144644 -0.9999335021788825
vn 0.9998215356049156 -0.018891716190667127 -5.421010862427523e-20
vn 0.0002178627082510728 0.011530123855144644 0.9999335021788825
vn -0.9998215356049156 0.018891716190667127 5.421010862427523e-20
vn 0.018890459932703274 0.9997550496512915 -0.011532181939018395
vn -0.018890459932703274 -0.9997550496512915 0.011532181939018395
usemtl m_ee04ce41-02b6-1ab6-19bd-0add19eeaf47
f 420/1252/313 423/1251/313 421/1250/313 418/1249/313
f 419/1256/314 420/1255/314 418/1254/314 417/1253/314
f 424/1260/315 419/1259/315 417/1258/315 422/1257/315
f 423/1264/316 424/1263/316 422/1262/316 421/1261/316
f 422/1268/317 417/1267/317 418/1266/317 421/1265/317
f 423/1272/318 420/1271/318 419/1270/318 424/1269/318
o tail_5
v 0.3813781678721292 4.438724410552881 7.371591206117035
v 0.38115581174552043 4.426956477893224 6.351034075455714
v 0.36484901543101383 3.5639387421080007 7.381681865313676
v 0.3646266593044051 3.5521708094483437 6.361124734652355
v -0.3687103399581662 4.441125265036225 6.351034075455714
v -0.36848798383155745 4.452893197695882 7.371591206117035
v -0.38523949239928157 3.566339596591344 6.361124734652355
v -0.3850171362726728 3.578107529251001 7.381681865313676
vt 0.64453125 0.1953125
vt 0.66796875 0.1953125
vt 0.66796875 0.16796875
vt 0.64453125 0.16796875
vt 0.61328125 0.1953125
vt 0.64453125 0.1953125
vt 0.64453125 0.16796875
vt 0.61328125 0.16796875
vt 0.69921875 0.1953125
vt 0.72265625 0.1953125
vt 0.72265625 0.16796875
vt 0.69921875 0.16796875
vt 0.66796875 0.1953125
vt 0.69921875 0.1953125
vt 0.69921875 0.16796875
vt 0.66796875 0.16796875
vt 0.66796875 0.1953125
vt 0.64453125 0.1953125
vt 0.64453125 0.2265625
vt 0.66796875 0.2265625
vt 0.69140625 0.2265625
vt 0.66796875 0.2265625
vt 0.66796875 0.1953125
vt 0.69140625 0.1953125
vn -0.0002178627082510728 -0.011530123855144644 -0.9999335021788825
vn 0.9998215356049156 -0.018891716190667127 -5.421010862427523e-20
vn 0.0002178627082510728 0.011530123855144644 0.9999335021788825
vn -0.9998215356049156 0.018891716190667127 5.421010862427523e-20
vn 0.018890459932703274 0.9997550496512915 -0.011532181939018395
vn -0.018890459932703274 -0.9997550496512915 0.011532181939018395
usemtl m_ee04ce41-02b6-1ab6-19bd-0add19eeaf47
f 428/1276/319 431/1275/319 429/1274/319 426/1273/319
f 427/1280/320 428/1279/320 426/1278/320 425/1277/320
f 432/1284/321 427/1283/321 425/1282/321 430/1281/321
f 431/1288/322 432/1287/322 430/1286/322 429/1285/322
f 430/1292/323 425/1291/323 426/1290/323 429/1289/323
f 431/1296/324 428/1295/324 427/1294/324 432/1293/324
o tail_5_fin
v 0.014709668240843535 4.88320163834682 7.366545876518715
v 0.01448731211423479 4.8714337056871635 6.345988745857394
v 0.006445092020285856 4.445808804124381 7.371591206117035
v 0.0062227358936771116 4.434040871464724 6.351034075455714
v 0.01448731211423479 4.8714337056871635 6.345988745857394
v 0.014709668240843535 4.88320163834682 7.366545876518715
v 0.0062227358936771116 4.434040871464724 6.351034075455714
v 0.006445092020285856 4.445808804124381 7.371591206117035
vt 0.89453125 0.1796875
vt 0.89453125 0.1796875
vt 0.89453125 0.166015625
vt 0.89453125 0.166015625
vt 0.86328125 0.1796875
vt 0.89453125 0.1796875
vt 0.89453125 0.166015625
vt 0.86328125 0.166015625
vt 0.92578125 0.1796875
vt 0.92578125 0.1796875
vt 0.92578125 0.166015625
vt 0.92578125 0.166015625
vt 0.89453125 0.1796875
vt 0.92578125 0.1796875
vt 0.92578125 0.166015625
vt 0.89453125 0.166015625
vt 0.89453125 0.1796875
vt 0.89453125 0.1796875
vt 0.89453125 0.2109375
vt 0.89453125 0.2109375
vt 0.89453125 0.2109375
vt 0.89453125 0.2109375
vt 0.89453125 0.1796875
vt 0.89453125 0.1796875
vn -0.0002178627082510728 -0.011530123855144644 -0.9999335021788825
vn 0.9998215356049156 -0.018891716190667127 -5.421010862427523e-20
vn 0.0002178627082510728 0.011530123855144644 0.9999335021788825
vn -0.9998215356049156 0.018891716190667127 5.421010862427523e-20
vn 0.018890459932703274 0.9997550496512915 -0.011532181939018395
vn -0.018890459932703274 -0.9997550496512915 0.011532181939018395
usemtl m_ee04ce41-02b6-1ab6-19bd-0add19eeaf47
f 436/1300/325 439/1299/325 437/1298/325 434/1297/325
f 435/1304/326 436/1303/326 434/1302/326 433/1301/326
f 440/1308/327 435/1307/327 433/1306/327 438/1305/327
f 439/1312/328 440/1311/328 438/1310/328 437/1309/328
f 438/1316/329 433/1315/329 434/1314/329 437/1313/329
f 439/1320/330 436/1319/330 435/1318/330 440/1317/330
o tail_6
v 0.25668642072609427 4.456219162636591 8.684003927726817
v 0.2564004759215147 4.441085875076714 7.371591206117035
v 0.24724119075974266 3.9563416378109455 8.689770018696326
v 0.2469552459551631 3.941208350251068 7.377357297086544
v -0.243510291880943 4.450531733172047 7.371591206117035
v -0.24322434707636348 4.465665020731924 8.684003927726817
v -0.25295552184729464 3.950654208346402 7.377357297086544
v -0.2526695770427151 3.9657874959062793 8.689770018696326
vt 0.654296875 0.24609375
vt 0.669921875 0.24609375
vt 0.669921875 0.23046875
vt 0.654296875 0.23046875
vt 0.61328125 0.24609375
vt 0.654296875 0.24609375
vt 0.654296875 0.23046875
vt 0.61328125 0.23046875
vt 0.7109375 0.24609375
vt 0.7265625 0.24609375
vt 0.7265625 0.23046875
vt 0.7109375 0.23046875
vt 0.669921875 0.24609375
vt 0.7109375 0.24609375
vt 0.7109375 0.23046875
vt 0.669921875 0.23046875
vt 0.669921875 0.24609375
vt 0.654296875 0.24609375
vt 0.654296875 0.287109375
vt 0.669921875 0.287109375
vt 0.685546875 0.287109375
vt 0.669921875 0.287109375
vt 0.669921875 0.24609375
vt 0.685546875 0.24609375
vn -0.0002178627082510728 -0.011530123855144644 -0.9999335021788825
vn 0.9998215356049156 -0.018891716190667127 -5.421010862427523e-20
vn 0.0002178627082510728 0.011530123855144644 0.9999335021788825
vn -0.9998215356049156 0.018891716190667127 5.421010862427523e-20
vn 0.018890459932703274 0.9997550496512915 -0.011532181939018395
vn -0.018890459932703274 -0.9997550496512915 0.011532181939018395
usemtl m_ee04ce41-02b6-1ab6-19bd-0add19eeaf47
f 444/1324/331 447/1323/331 445/1322/331 442/1321/331
f 443/1328/332 444/1327/332 442/1326/332 441/1325/332
f 448/1332/333 443/1331/333 441/1330/333 446/1329/333
f 447/1336/334 448/1335/334 446/1334/334 445/1333/334
f 446/1340/335 441/1339/335 442/1338/335 445/1337/335
f 447/1344/336 444/1343/336 443/1342/336 448/1341/336
o tail_6_fin
v 0.011453651808041226 4.710880854097081 8.681120882242062
v 0.011167707003461688 4.695747566537204 7.368708160632281
v 0.006731036824865408 4.460942091684258 8.684003927726817
v 0.00644509202028587 4.445808804124381 7.371591206117035
v 0.011167707003461688 4.695747566537204 7.368708160632281
v 0.011453651808041226 4.710880854097081 8.681120882242062
v 0.00644509202028587 4.445808804124381 7.371591206117035
v 0.006731036824865408 4.460942091684258 8.684003927726817
vt 0.771484375 0.263671875
vt 0.771484375 0.263671875
vt 0.771484375 0.255859375
vt 0.771484375 0.255859375
vt 0.73046875 0.263671875
vt 0.771484375 0.263671875
vt 0.771484375 0.255859375
vt 0.73046875 0.255859375
vt 0.8125 0.263671875
vt 0.8125 0.263671875
vt 0.8125 0.255859375
vt 0.8125 0.255859375
vt 0.771484375 0.263671875
vt 0.8125 0.263671875
vt 0.8125 0.255859375
vt 0.771484375 0.255859375
vt 0.771484375 0.263671875
vt 0.771484375 0.263671875
vt 0.771484375 0.3046875
vt 0.771484375 0.3046875
vt 0.771484375 0.3046875
vt 0.771484375 0.3046875
vt 0.771484375 0.263671875
vt 0.771484375 0.263671875
vn -0.0002178627082510728 -0.011530123855144644 -0.9999335021788825
vn 0.9998215356049156 -0.018891716190667127 -5.421010862427523e-20
vn 0.0002178627082510728 0.011530123855144644 0.9999335021788825
vn -0.9998215356049156 0.018891716190667127 5.421010862427523e-20
vn 0.018890459932703274 0.9997550496512915 -0.011532181939018395
vn -0.018890459932703274 -0.9997550496512915 0.011532181939018395
usemtl m_ee04ce41-02b6-1ab6-19bd-0add19eeaf47
f 452/1348/337 455/1347/337 453/1346/337 450/1345/337
f 451/1352/338 452/1351/338 450/1350/338 449/1349/338
f 456/1356/339 451/1355/339 449/1354/339 454/1353/339
f 455/1360/340 456/1359/340 454/1358/340 453/1357/340
f 454/1364/341 449/1363/341 450/1362/341 453/1361/341
f 455/1368/342 452/1367/342 451/1366/342 456/1365/342
o tail_7
v 0.2569451326921424 4.469911184714576 9.87142496156424
v 0.25663195504903147 4.453336631672805 8.434020552182096
v 0.2474999027257908 3.97003365988893 9.87719105253375
v 0.24718672508267986 3.9534591068471596 8.439786643151605
v -0.24327881275342628 4.462782489768138 8.434020552182096
v -0.24296563511031533 4.479357042809909 9.87142496156424
v -0.2527240427197779 3.9629049649424934 8.439786643151605
v -0.252410865076667 3.979479517984264 9.87719105253375
vt 0.880859375 0.326171875
vt 0.896484375 0.326171875
vt 0.896484375 0.310546875
vt 0.880859375 0.310546875
vt 0.8359375 0.326171875
vt 0.880859375 0.326171875
vt 0.880859375 0.310546875
vt 0.8359375 0.310546875
vt 0.94140625 0.326171875
vt 0.95703125 0.326171875
vt 0.95703125 0.310546875
vt 0.94140625 0.310546875
vt 0.896484375 0.326171875
vt 0.94140625 0.326171875
vt 0.94140625 0.310546875
vt 0.896484375 0.310546875
vt 0.896484375 0.326171875
vt 0.880859375 0.326171875
vt 0.880859375 0.37109375
vt 0.896484375 0.37109375
vt 0.912109375 0.37109375
vt 0.896484375 0.37109375
vt 0.896484375 0.326171875
vt 0.912109375 0.326171875
vn -0.0002178627082510728 -0.011530123855144644 -0.9999335021788825
vn 0.9998215356049156 -0.018891716190667127 -5.421010862427523e-20
vn 0.0002178627082510728 0.011530123855144644 0.9999335021788825
vn -0.9998215356049156 0.018891716190667127 5.421010862427523e-20
vn 0.018890459932703274 0.9997550496512915 -0.011532181939018395
vn -0.018890459932703274 -0.9997550496512915 0.011532181939018395
usemtl m_ee04ce41-02b6-1ab6-19bd-0add19eeaf47
f 460/1372/343 463/1371/343 461/1370/343 458/1369/343
f 459/1376/344 460/1375/344 458/1374/344 457/1373/344
f 464/1380/345 459/1379/345 457/1378/345 462/1377/345
f 463/1384/346 464/1383/346 462/1382/346 461/1381/346
f 462/1388/347 457/1387/347 458/1386/347 461/1385/347
f 463/1392/348 460/1391/348 459/1390/348 464/1389/348
o tail_7_fin
v 0.011712363774089352 4.724572876175065 9.868541916079486
v 0.011399186130978442 4.707998323133294 8.431137506697342
v 0.006989748790913533 4.474634113762242 9.87142496156424
v 0.0066765711478026235 4.458059560720471 8.434020552182096
v 0.011399186130978442 4.707998323133294 8.431137506697342
v 0.011712363774089352 4.724572876175065 9.868541916079486
v 0.0066765711478026235 4.458059560720471 8.434020552182096
v 0.006989748790913533 4.474634113762242 9.87142496156424
vt 0.775390625 0.287109375
vt 0.775390625 0.287109375
vt 0.775390625 0.279296875
vt 0.775390625 0.279296875
vt 0.73046875 0.287109375
vt 0.775390625 0.287109375
vt 0.775390625 0.279296875
vt 0.73046875 0.279296875
vt 0.8203125 0.287109375
vt 0.8203125 0.287109375
vt 0.8203125 0.279296875
vt 0.8203125 0.279296875
vt 0.775390625 0.287109375
vt 0.8203125 0.287109375
vt 0.8203125 0.279296875
vt 0.775390625 0.279296875
vt 0.775390625 0.287109375
vt 0.775390625 0.287109375
vt 0.775390625 0.33203125
vt 0.775390625 0.33203125
vt 0.775390625 0.33203125
vt 0.775390625 0.33203125
vt 0.775390625 0.287109375
vt 0.775390625 0.287109375
vn -0.0002178627082510728 -0.011530123855144644 -0.9999335021788825
vn 0.9998215356049156 -0.018891716190667127 -5.421010862427523e-20
vn 0.0002178627082510728 0.011530123855144644 0.9999335021788825
vn -0.9998215356049156 0.018891716190667127 5.421010862427523e-20
vn 0.018890459932703274 0.9997550496512915 -0.011532181939018395
vn -0.018890459932703274 -0.9997550496512915 0.011532181939018395
usemtl m_ee04ce41-02b6-1ab6-19bd-0add19eeaf47
f 468/1396/349 471/1395/349 469/1394/349 466/1393/349
f 467/1400/350 468/1399/350 466/1398/350 465/1397/350
f 472/1404/351 467/1403/351 465/1402/351 470/1401/351
f 471/1408/352 472/1407/352 470/1406/352 469/1405/352
f 470/1412/353 465/1411/353 466/1410/353 469/1409/353
f 471/1416/354 468/1415/354 467/1414/354 472/1413/354
o tail_8
v 0.2572038446581906 4.48360320679256 11.058845995401663
v 0.2568906670150796 4.4670286537507895 9.62144158601952
v 0.24775861469183896 3.9837256819669147 11.064612086371172
v 0.247445437048728 3.967151128925144 9.627207676989029
v -0.24302010078737812 4.476474511846123 9.62144158601952
v -0.24270692314426717 4.493049064887893 11.058845995401663
v -0.25246533075372973 3.976596987020478 9.627207676989029
v -0.25215215311061884 3.9931715400622485 11.064612086371172
vt 0.880859375 0.26171875
vt 0.896484375 0.26171875
vt 0.896484375 0.24609375
vt 0.880859375 0.24609375
vt 0.8359375 0.26171875
vt 0.880859375 0.26171875
vt 0.880859375 0.24609375
vt 0.8359375 0.24609375
vt 0.94140625 0.26171875
vt 0.95703125 0.26171875
vt 0.95703125 0.24609375
vt 0.94140625 0.24609375
vt 0.896484375 0.26171875
vt 0.94140625 0.26171875
vt 0.94140625 0.24609375
vt 0.896484375 0.24609375
vt 0.896484375 0.26171875
vt 0.880859375 0.26171875
vt 0.880859375 0.306640625
vt 0.896484375 0.306640625
vt 0.912109375 0.306640625
vt 0.896484375 0.306640625
vt 0.896484375 0.26171875
vt 0.912109375 0.26171875
vn -0.0002178627082510728 -0.011530123855144644 -0.9999335021788825
vn 0.9998215356049156 -0.018891716190667127 -5.421010862427523e-20
vn 0.0002178627082510728 0.011530123855144644 0.9999335021788825
vn -0.9998215356049156 0.018891716190667127 5.421010862427523e-20
vn 0.018890459932703274 0.9997550496512915 -0.011532181939018395
vn -0.018890459932703274 -0.9997550496512915 0.011532181939018395
usemtl m_ee04ce41-02b6-1ab6-19bd-0add19eeaf47
f 476/1420/355 479/1419/355 477/1418/355 474/1417/355
f 475/1424/356 476/1423/356 474/1422/356 473/1421/356
f 480/1428/357 475/1427/357 473/1426/357 478/1425/357
f 479/1432/358 480/1431/358 478/1430/358 477/1429/358
f 478/1436/359 473/1435/359 474/1434/359 477/1433/359
f 479/1440/360 476/1439/360 475/1438/360 480/1437/360
o tail_8_fin
v 0.011971075740137505 4.73826489825305 11.055962949916909
v 0.011657898097026595 4.72169034521128 9.618558540534766
v 0.007248460756961686 4.488326135840227 11.058845995401663
v 0.0069352831138507764 4.471751582798457 9.62144158601952
v 0.011657898097026595 4.72169034521128 9.618558540534766
v 0.011971075740137505 4.73826489825305 11.055962949916909
v 0.0069352831138507764 4.471751582798457 9.62144158601952
v 0.007248460756961686 4.488326135840227 11.058845995401663
vt 0.775390625 0.275390625
vt 0.775390625 0.275390625
vt 0.775390625 0.267578125
vt 0.775390625 0.267578125
vt 0.73046875 0.275390625
vt 0.775390625 0.275390625
vt 0.775390625 0.267578125
vt 0.73046875 0.267578125
vt 0.8203125 0.275390625
vt 0.8203125 0.275390625
vt 0.8203125 0.267578125
vt 0.8203125 0.267578125
vt 0.775390625 0.275390625
vt 0.8203125 0.275390625
vt 0.8203125 0.267578125
vt 0.775390625 0.267578125
vt 0.775390625 0.275390625
vt 0.775390625 0.275390625
vt 0.775390625 0.3203125
vt 0.775390625 0.3203125
vt 0.775390625 0.3203125
vt 0.775390625 0.3203125
vt 0.775390625 0.275390625
vt 0.775390625 0.275390625
vn -0.0002178627082510728 -0.011530123855144644 -0.9999335021788825
vn 0.9998215356049156 -0.018891716190667127 -5.421010862427523e-20
vn 0.0002178627082510728 0.011530123855144644 0.9999335021788825
vn -0.9998215356049156 0.018891716190667127 5.421010862427523e-20
vn 0.018890459932703274 0.9997550496512915 -0.011532181939018395
vn -0.018890459932703274 -0.9997550496512915 0.011532181939018395
usemtl m_ee04ce41-02b6-1ab6-19bd-0add19eeaf47
f 484/1444/361 487/1443/361 485/1442/361 482/1441/361
f 483/1448/362 484/1447/362 482/1446/362 481/1445/362
f 488/1452/363 483/1451/363 481/1450/363 486/1449/363
f 487/1456/364 488/1455/364 486/1454/364 485/1453/364
f 486/1460/365 481/1459/365 482/1458/365 485/1457/365
f 487/1464/366 484/1463/366 483/1462/366 488/1461/366
o tail_9
v 0.2574353237857073 4.495853963388653 12.121275341466724
v 0.2571493789811278 4.480720675828774 10.80886261985694
v 0.24799009381935572 3.995976438563006 12.127041432436233
v 0.24770414901477616 3.980843151003129 10.81462871082645
v -0.24276138882132994 4.490166533924109 10.80886261985694
v -0.24247544401675042 4.505299821483986 12.121275341466724
v -0.2522066187876816 3.9902890090984626 10.81462871082645
v -0.25192067398310203 4.00542229665834 12.127041432436233
vt 0.771484375 0.201171875
vt 0.787109375 0.201171875
vt 0.787109375 0.185546875
vt 0.771484375 0.185546875
vt 0.73046875 0.201171875
vt 0.771484375 0.201171875
vt 0.771484375 0.185546875
vt 0.73046875 0.185546875
vt 0.828125 0.201171875
vt 0.84375 0.201171875
vt 0.84375 0.185546875
vt 0.828125 0.185546875
vt 0.787109375 0.201171875
vt 0.828125 0.201171875
vt 0.828125 0.185546875
vt 0.787109375 0.185546875
vt 0.787109375 0.201171875
vt 0.771484375 0.201171875
vt 0.771484375 0.2421875
vt 0.787109375 0.2421875
vt 0.802734375 0.2421875
vt 0.787109375 0.2421875
vt 0.787109375 0.201171875
vt 0.802734375 0.201171875
vn -0.0002178627082510728 -0.011530123855144644 -0.9999335021788825
vn 0.9998215356049156 -0.018891716190667127 -5.421010862427523e-20
vn 0.0002178627082510728 0.011530123855144644 0.9999335021788825
vn -0.9998215356049156 0.018891716190667127 5.421010862427523e-20
vn 0.018890459932703274 0.9997550496512915 -0.011532181939018395
vn -0.018890459932703274 -0.9997550496512915 0.011532181939018395
usemtl m_ee04ce41-02b6-1ab6-19bd-0add19eeaf47
f 492/1468/367 495/1467/367 493/1466/367 490/1465/367
f 491/1472/368 492/1471/368 490/1470/368 489/1469/368
f 496/1476/369 491/1475/369 489/1474/369 494/1473/369
f 495/1480/370 496/1479/370 494/1478/370 493/1477/370
f 494/1484/371 489/1483/371 490/1482/371 493/1481/371
f 495/1488/372 492/1487/372 491/1486/372 496/1485/372
o tail_9_fin
v 0.012202554867654286 4.750515654849142 12.11839229598197
v 0.011916610063074748 4.735382367289265 10.805979574372186
v 0.007479939884478468 4.500576892436319 12.121275341466724
v 0.007193995079898929 4.485443604876442 10.80886261985694
v 0.011916610063074748 4.735382367289265 10.805979574372186
v 0.012202554867654286 4.750515654849142 12.11839229598197
v 0.007193995079898929 4.485443604876442 10.80886261985694
v 0.007479939884478468 4.500576892436319 12.121275341466724
vt 0.533203125 0.220703125
vt 0.533203125 0.220703125
vt 0.533203125 0.212890625
vt 0.533203125 0.212890625
vt 0.4921875 0.220703125
vt 0.533203125 0.220703125
vt 0.533203125 0.212890625
vt 0.4921875 0.212890625
vt 0.57421875 0.220703125
vt 0.57421875 0.220703125
vt 0.57421875 0.212890625
vt 0.57421875 0.212890625
vt 0.533203125 0.220703125
vt 0.57421875 0.220703125
vt 0.57421875 0.212890625
vt 0.533203125 0.212890625
vt 0.533203125 0.220703125
vt 0.533203125 0.220703125
vt 0.533203125 0.26171875
vt 0.533203125 0.26171875
vt 0.533203125 0.26171875
vt 0.533203125 0.26171875
vt 0.533203125 0.220703125
vt 0.533203125 0.220703125
vn -0.0002178627082510728 -0.011530123855144644 -0.9999335021788825
vn 0.9998215356049156 -0.018891716190667127 -5.421010862427523e-20
vn 0.0002178627082510728 0.011530123855144644 0.9999335021788825
vn -0.9998215356049156 0.018891716190667127 5.421010862427523e-20
vn 0.018890459932703274 0.9997550496512915 -0.011532181939018395
vn -0.018890459932703274 -0.9997550496512915 0.011532181939018395
usemtl m_ee04ce41-02b6-1ab6-19bd-0add19eeaf47
f 500/1492/373 503/1491/373 501/1490/373 498/1489/373
f 499/1496/374 500/1495/374 498/1494/374 497/1493/374
f 504/1500/375 499/1499/375 497/1498/375 502/1497/375
f 503/1504/376 504/1503/376 502/1502/376 501/1501/376
f 502/1508/377 497/1507/377 498/1506/377 501/1505/377
f 503/1512/378 500/1511/378 499/1510/378 504/1509/378
o left_wing_arm
v -0.7110714002666472 4.554746947775752 -1.0712169982465836
v -0.7421785339305866 4.538081372874195 -1.6326088888616996
v -0.7742456540416298 4.059088560117379 -1.0530022678374937
v -0.8053527877055695 4.042422985215822 -1.6143941584526098
v -4.208729837228418 4.986481111059038 -1.4538360262682166
v -4.177622703564479 5.003146685960595 -0.8924441356531007
v -4.271904091003401 4.490822723400665 -1.4356212958591268
v -4.240796957339462 4.507488298302222 -0.8742294052440108
vt 0.57421875 0.560546875
vt 0.68359375 0.560546875
vt 0.68359375 0.544921875
vt 0.57421875 0.544921875
vt 0.556640625 0.560546875
vt 0.57421875 0.560546875
vt 0.57421875 0.544921875
vt 0.556640625 0.544921875
vt 0.701171875 0.560546875
vt 0.810546875 0.560546875
vt 0.810546875 0.544921875
vt 0.701171875 0.544921875
vt 0.68359375 0.560546875
vt 0.701171875 0.560546875
vt 0.701171875 0.544921875
vt 0.68359375 0.544921875
vt 0.68359375 0.560546875
vt 0.57421875 0.560546875
vt 0.57421875 0.578125
vt 0.68359375 0.578125
vt 0.79296875 0.578125
vt 0.68359375 0.578125
vt 0.68359375 0.560546875
vt 0.79296875 0.560546875
vn -0.05530157095811486 -0.029627688713878896 -0.9980300277602064
vn 0.9904432295136661 -0.1281142109099552 -0.051077960740995104
vn 0.05530157095811486 0.029627688713878896 0.9980300277602064
vn -0.9904432295136661 0.1281142109099552 0.051077960740995104
vn 0.1263485075499656 0.9913167753167467 -0.036429460818179604
vn -0.1263485075499656 -0.9913167753167467 0.036429460818179604
usemtl m_ee04ce41-02b6-1ab6-19bd-0add19eeaf47
f 508/1516/379 511/1515/379 509/1514/379 506/1513/379
f 507/1520/380 508/1519/380 506/1518/380 505/1517/380
f 512/1524/381 507/1523/381 505/1522/381 510/1521/381
f 511/1528/382 512/1527/382 510/1526/382 509/1525/382
f 510/1532/383 505/1531/383 506/1530/383 509/1529/383
f 511/1536/384 508/1535/384 507/1534/384 512/1533/384
o left_wing_membrane
v -0.5436785099116374 4.528974069725883 2.239311151311372
v -0.7372340082650394 4.425277159227306 -1.2537939458493497
v -0.5436785099116374 4.528974069725883 2.239311151311372
v -0.7372340082650394 4.425277159227306 -1.2537939458493497
v -4.203785311562871 4.87367689741215 -1.0750210832558669
v -4.010229813209469 4.977373807910726 2.418084013904855
v -4.203785311562871 4.87367689741215 -1.0750210832558669
v -4.010229813209469 4.977373807910726 2.418084013904855
vt 0.583984375 0.890625
vt 0.693359375 0.890625
vt 0.693359375 0.890625
vt 0.583984375 0.890625
vt 0.474609375 0.890625
vt 0.583984375 0.890625
vt 0.583984375 0.890625
vt 0.474609375 0.890625
vt 0.802734375 0.890625
vt 0.912109375 0.890625
vt 0.912109375 0.890625
vt 0.802734375 0.890625
vt 0.693359375 0.890625
vt 0.802734375 0.890625
vt 0.802734375 0.890625
vt 0.693359375 0.890625
vt 0.693359375 0.890625
vt 0.583984375 0.890625
vt 0.583984375 1
vt 0.693359375 1
vt 0.802734375 1
vt 0.693359375 1
vt 0.693359375 0.890625
vt 0.802734375 0.890625
vn -0.05530157095811486 -0.029627688713878896 -0.9980300277602064
vn 0.9904432295136661 -0.1281142109099552 -0.051077960740995104
vn 0.05530157095811486 0.029627688713878896 0.9980300277602064
vn -0.9904432295136661 0.1281142109099552 0.051077960740995104
vn 0.1263485075499656 0.9913167753167467 -0.036429460818179604
vn -0.1263485075499656 -0.9913167753167467 0.036429460818179604
usemtl m_ee04ce41-02b6-1ab6-19bd-0add19eeaf47
f 516/1540/385 519/1539/385 517/1538/385 514/1537/385
f 515/1544/386 516/1543/386 514/1542/386 513/1541/386
f 520/1548/387 515/1547/387 513/1546/387 518/1545/387
f 519/1552/388 520/1551/388 518/1550/388 517/1549/388
f 518/1556/389 513/1555/389 514/1554/389 517/1553/389
f 519/1560/390 516/1559/390 515/1558/390 520/1557/390
o left_wing_sail
v -3.9722099831757656 4.997742843901517 3.104229657989997
v -4.411166202655802 4.762573064735103 -4.81763368735664
v -3.9722099831757656 4.997742843901517 3.104229657989997
v -4.411166202655802 4.762573064735103 -4.81763368735664
v -8.527796325735247 4.899646669772108 -4.593597403337551
v -8.08884010625521 5.134816448938522 3.328265942009086
v -8.527796325735247 4.899646669772108 -4.593597403337551
v -8.08884010625521 5.134816448938522 3.328265942009086
vt 0.556640625 0.58203125
vt 0.685546875 0.58203125
vt 0.685546875 0.58203125
vt 0.556640625 0.58203125
vt 0.30859375 0.58203125
vt 0.556640625 0.58203125
vt 0.556640625 0.58203125
vt 0.30859375 0.58203125
vt 0.93359375 0.58203125
vt 1.0625 0.58203125
vt 1.0625 0.58203125
vt 0.93359375 0.58203125
vt 0.685546875 0.58203125
vt 0.93359375 0.58203125
vt 0.93359375 0.58203125
vt 0.685546875 0.58203125
vt 0.685546875 0.58203125
vt 0.556640625 0.58203125
vt 0.556640625 0.830078125
vt 0.685546875 0.830078125
vt 0.814453125 0.830078125
vt 0.685546875 0.830078125
vt 0.685546875 0.58203125
vt 0.814453125 0.58203125
vn -0.05530157095811485 -0.029627688713878896 -0.9980300277602063
vn 0.9979709389283501 -0.03322996485745553 -0.05431182642887021
vn 0.05530157095811485 0.029627688713878896 0.9980300277602063
vn -0.9979709389283501 0.03322996485745553 0.05431182642887021
vn 0.031555368862240196 0.9990084932056612 -0.03140524158356684
vn -0.031555368862240196 -0.9990084932056612 0.03140524158356684
usemtl m_ee04ce41-02b6-1ab6-19bd-0add19eeaf47
f 524/1564/391 527/1563/391 525/1562/391 522/1561/391
f 523/1568/392 524/1567/392 522/1566/392 521/1565/392
f 528/1572/393 523/1571/393 521/1570/393 526/1569/393
f 527/1576/394 528/1575/394 526/1574/394 525/1573/394
f 526/1580/395 521/1579/395 522/1578/395 525/1577/395
f 527/1584/396 524/1583/396 523/1582/396 528/1581/396
o left_wing_tip1
v -4.183874508456537 5.007815843753485 -0.967260746752483
v -3.884314561835451 4.985787875762275 -1.3669839097122378
v -4.197679982333766 4.570749627976007 -0.9535209535596718
v -3.8981200357126804 4.548721659984799 -1.3532441165194267
v -8.384524131157525 5.0218515435350595 -4.741511764694145
v -8.68408407777861 5.043879511526269 -4.341788601734391
v -8.398329605034755 4.584785327757583 -4.727771971501335
v -8.697889551655841 4.6068132957487915 -4.328048808541581
vt 0.083984375 0.392578125
vt 0.259765625 0.392578125
vt 0.259765625 0.37890625
vt 0.083984375 0.37890625
vt 0.068359375 0.392578125
vt 0.083984375 0.392578125
vt 0.083984375 0.37890625
vt 0.068359375 0.37890625
vt 0.275390625 0.392578125
vt 0.451171875 0.392578125
vt 0.451171875 0.37890625
vt 0.275390625 0.37890625
vt 0.259765625 0.392578125
vt 0.275390625 0.392578125
vt 0.275390625 0.37890625
vt 0.259765625 0.37890625
vt 0.259765625 0.392578125
vt 0.083984375 0.392578125
vt 0.083984375 0.408203125
vt 0.259765625 0.408203125
vt 0.435546875 0.408203125
vt 0.259765625 0.408203125
vt 0.259765625 0.392578125
vt 0.435546875 0.392578125
vn 0.5991198932421717 -0.044055935982417326 -0.799446325919509
vn 0.8000372567683689 -0.0064113187151616565 0.599916063107895
vn -0.5991198932421717 0.044055935982417326 0.799446325919509
vn -0.8000372567683689 0.0064113187151616565 -0.599916063107895
vn 0.0315553688622402 0.9990084932056613 -0.03140524158356685
vn -0.0315553688622402 -0.9990084932056613 0.03140524158356685
usemtl m_ee04ce41-02b6-1ab6-19bd-0add19eeaf47
f 532/1588/397 535/1587/397 533/1586/397 530/1585/397
f 531/1592/398 532/1591/398 530/1590/398 529/1589/398
f 536/1596/399 531/1595/399 529/1594/399 534/1593/399
f 535/1600/400 536/1599/400 534/1598/400 533/1597/400
f 534/1604/401 529/1603/401 530/1602/401 533/1601/401
f 535/1608/402 532/1607/402 531/1606/402 536/1605/402
o left_wing_tip2
v -8.358410327658982 5.039113589139987 -4.365174558697232
v -8.380059265949393 5.028033569855426 -4.7393851366390525
v -8.368271380428432 4.726923435013217 -4.355360420702367
v -8.389920318718843 4.7158434157286555 -4.7295709986441885
v -16.175632522067325 5.288205298108433 -4.296096821524874
v -16.153983583776913 5.299285317392994 -3.921886243583053
v -16.185493574836777 4.976015143981663 -4.286282683530009
v -16.163844636546365 4.987095163266225 -3.912072105588188
vt 0.080078125 0.98828125
vt 0.32421875 0.98828125
vt 0.32421875 0.978515625
vt 0.080078125 0.978515625
vt 0.068359375 0.98828125
vt 0.080078125 0.98828125
vt 0.080078125 0.978515625
vt 0.068359375 0.978515625
vt 0.3359375 0.98828125
vt 0.580078125 0.98828125
vt 0.580078125 0.978515625
vt 0.3359375 0.978515625
vt 0.32421875 0.98828125
vt 0.3359375 0.98828125
vt 0.3359375 0.978515625
vt 0.32421875 0.978515625
vt 0.32421875 0.98828125
vt 0.080078125 0.98828125
vt 0.080078125 1
vt 0.32421875 1
vt 0.568359375 1
vt 0.32421875 1
vt 0.32421875 0.98828125
vt 0.568359375 0.98828125
vn -0.05773050210776214 -0.02954671809216351 -0.9978948745115229
vn 0.9978333767830948 -0.03330198121638491 -0.05674090433461488
vn 0.05773050210776214 0.02954671809216351 0.9978948745115229
vn -0.9978333767830948 0.03330198121638491 0.05674090433461488
vn 0.03155536886224021 0.9990084932056614 -0.031405241583566855
vn -0.03155536886224021 -0.9990084932056614 0.031405241583566855
usemtl m_ee04ce41-02b6-1ab6-19bd-0add19eeaf47
f 540/1612/403 543/1611/403 541/1610/403 538/1609/403
f 539/1616/404 540/1615/404 538/1614/404 537/1613/404
f 544/1620/405 539/1619/405 537/1618/405 542/1617/405
f 543/1624/406 544/1623/406 542/1622/406 541/1621/406
f 542/1628/407 537/1627/407 538/1626/407 541/1625/407
f 543/1632/408 540/1631/408 539/1630/408 544/1629/408
o left_wing_tip3
v -8.525772145198076 5.053421258116401 -4.277217300601869
v -8.731469429114263 5.050062231614805 -4.590749347337868
v -8.535633197967526 4.741231103989632 -4.267403162607003
v -8.741330481883713 4.737872077488036 -4.580935209343004
v -15.259108358701482 5.390762070768117 -0.3118464652268065
v -15.053411074785295 5.394121097269713 0.0016855815091929571
v -15.268969411470932 5.078571916641349 -0.3020323272319425
v -15.063272127554745 5.081930943142945 0.011499719504056927
vt 0.080078125 0.98828125
vt 0.32421875 0.98828125
vt 0.32421875 0.978515625
vt 0.080078125 0.978515625
vt 0.068359375 0.98828125
vt 0.080078125 0.98828125
vt 0.080078125 0.978515625
vt 0.068359375 0.978515625
vt 0.3359375 0.98828125
vt 0.580078125 0.98828125
vt 0.580078125 0.978515625
vt 0.3359375 0.978515625
vt 0.32421875 0.98828125
vt 0.3359375 0.98828125
vt 0.3359375 0.978515625
vt 0.32421875 0.978515625
vt 0.32421875 0.98828125
vt 0.080078125 0.98828125
vt 0.080078125 1
vt 0.32421875 1
vt 0.568359375 1
vt 0.32421875 1
vt 0.32421875 0.98828125
vt 0.568359375 0.98828125
vn -0.5485260904431647 -0.008957404004257912 -0.8360854579626664
vn 0.835537782987164 -0.043609579411624 -0.5476995689102158
vn 0.5485260904431647 0.008957404004257912 0.8360854579626664
vn -0.835537782987164 0.043609579411624 0.5476995689102158
vn 0.03155536886224021 0.9990084932056613 -0.031405241583566855
vn -0.03155536886224021 -0.9990084932056613 0.031405241583566855
usemtl m_ee04ce41-02b6-1ab6-19bd-0add19eeaf47
f 548/1636/409 551/1635/409 549/1634/409 546/1633/409
f 547/1640/410 548/1639/410 546/1638/410 545/1637/410
f 552/1644/411 547/1643/411 545/1642/411 550/1641/411
f 551/1648/412 552/1647/412 550/1646/412 549/1645/412
f 550/1652/413 545/1651/413 546/1650/413 549/1649/413
f 551/1656/414 548/1655/414 547/1654/414 552/1653/414
o left_wing_tip5
v -8.374504509414933 5.053070999722398 -4.335379727453782
v -8.709186549658757 5.058327483490911 -4.504451609553158
v -8.384365562184385 4.740880845595629 -4.325565589458918
v -8.719047602428205 4.746137329364141 -4.494637471558294
v -12.224585821261094 5.388450315395436 2.4646332031803695
v -11.889903781017274 5.383193831626923 2.633705085279745
v -12.234446874030542 5.076260161268666 2.4744473411752335
v -11.899764833786723 5.071003677500154 2.643519223274609
vt 0.080078125 0.98828125
vt 0.32421875 0.98828125
vt 0.32421875 0.978515625
vt 0.080078125 0.978515625
vt 0.068359375 0.98828125
vt 0.080078125 0.98828125
vt 0.080078125 0.978515625
vt 0.068359375 0.978515625
vt 0.3359375 0.98828125
vt 0.580078125 0.98828125
vt 0.580078125 0.978515625
vt 0.3359375 0.978515625
vt 0.32421875 0.98828125
vt 0.3359375 0.98828125
vt 0.3359375 0.978515625
vt 0.32421875 0.978515625
vt 0.32421875 0.98828125
vt 0.080078125 0.98828125
vt 0.080078125 1
vt 0.32421875 1
vt 0.568359375 1
vt 0.32421875 1
vt 0.32421875 0.98828125
vt 0.568359375 0.98828125
vn -0.8924854406501876 0.014017290049366585 -0.4508583522650017
vn 0.44997110676509916 -0.042255722483779214 -0.8920428560298914
vn 0.8924854406501876 -0.014017290049366585 0.4508583522650017
vn -0.44997110676509916 0.042255722483779214 0.8920428560298914
vn 0.031555368862240196 0.9990084932056612 -0.03140524158356685
vn -0.031555368862240196 -0.9990084932056612 0.03140524158356685
usemtl m_ee04ce41-02b6-1ab6-19bd-0add19eeaf47
f 556/1660/415 559/1659/415 557/1658/415 554/1657/415
f 555/1664/416 556/1663/416 554/1662/416 553/1661/416
f 560/1668/417 555/1667/417 553/1666/417 558/1665/417
f 559/1672/418 560/1671/418 558/1670/418 557/1669/418
f 558/1676/419 553/1675/419 554/1674/419 557/1673/419
f 559/1680/420 556/1679/420 555/1678/420 560/1677/420
o left_wing_tip6
v -8.251758509200425 5.052850382479803 -4.41807621552428
v -8.625992394700614 5.065314407374472 -4.39761534978364
v -8.261619561969873 4.740660228353034 -4.408262077529415
v -8.635853447470064 4.753124253247703 -4.387801211788775
v -8.191992095405602 5.296715561899548 3.3993875036143457
v -7.8177582099054135 5.284251537004879 3.3789266378737075
v -8.201853148175053 4.98452540777278 3.4092016416092115
v -7.8276192626748635 4.972061382878111 3.3887407758685733
vt 0.080078125 0.98828125
vt 0.32421875 0.98828125
vt 0.32421875 0.978515625
vt 0.080078125 0.978515625
vt 0.068359375 0.98828125
vt 0.080078125 0.98828125
vt 0.080078125 0.978515625
vt 0.068359375 0.978515625
vt 0.3359375 0.98828125
vt 0.580078125 0.98828125
vt 0.580078125 0.978515625
vt 0.3359375 0.978515625
vt 0.32421875 0.98828125
vt 0.3359375 0.98828125
vt 0.3359375 0.978515625
vt 0.32421875 0.978515625
vt 0.32421875 0.98828125
vt 0.080078125 0.98828125
vt 0.080078125 1
vt 0.32421875 1
vt 0.568359375 1
vt 0.32421875 1
vt 0.32421875 0.98828125
vt 0.568359375 0.98828125
vn -0.997957028000504 0.03323739971911847 0.054562308641705866
vn -0.0555520383097614 -0.029619347779209777 -0.998016365234942
vn 0.997957028000504 -0.03323739971911847 -0.054562308641705866
vn 0.0555520383097614 0.029619347779209777 0.998016365234942
vn 0.031555368862240196 0.9990084932056612 -0.03140524158356685
vn -0.031555368862240196 -0.9990084932056612 0.03140524158356685
usemtl m_ee04ce41-02b6-1ab6-19bd-0add19eeaf47
f 564/1684/421 567/1683/421 565/1682/421 562/1681/421
f 563/1688/422 564/1687/422 562/1686/422 561/1685/422
f 568/1692/423 563/1691/423 561/1690/423 566/1689/423
f 567/1696/424 568/1695/424 566/1694/424 565/1693/424
f 566/1700/425 561/1699/425 562/1698/425 565/1697/425
f 567/1704/426 564/1703/426 563/1702/426 568/1701/426
o left_wing_claw
v -8.303366126402405 5.148107096351302 -5.420018235957164
v -8.677600011902594 5.160571121245971 -5.399557370216524
v -8.315199389725745 4.773478911399178 -5.408241270363327
v -8.689433275225934 4.785942936293847 -5.387780404622687
v -8.628991978381553 5.186488050552779 -4.5262930506359496
v -8.254758092881364 5.17402402565811 -4.5467539163765895
v -8.640825241704892 4.811859865600655 -4.514516085042112
v -8.266591356204703 4.799395840705986 -4.534976950782752
vt 0.568359375 0.529296875
vt 0.595703125 0.529296875
vt 0.595703125 0.517578125
vt 0.568359375 0.517578125
vt 0.556640625 0.529296875
vt 0.568359375 0.529296875
vt 0.568359375 0.517578125
vt 0.556640625 0.517578125
vt 0.607421875 0.529296875
vt 0.634765625 0.529296875
vt 0.634765625 0.517578125
vt 0.607421875 0.517578125
vt 0.595703125 0.529296875
vt 0.607421875 0.529296875
vt 0.607421875 0.517578125
vt 0.595703125 0.517578125
vt 0.595703125 0.529296875
vt 0.568359375 0.529296875
vt 0.568359375 0.541015625
vt 0.595703125 0.541015625
vt 0.623046875 0.541015625
vt 0.595703125 0.541015625
vt 0.595703125 0.529296875
vt 0.623046875 0.529296875
vn -0.997957028000504 0.03323739971911847 0.054562308641705866
vn -0.0555520383097614 -0.029619347779209777 -0.998016365234942
vn 0.997957028000504 -0.03323739971911847 -0.054562308641705866
vn 0.0555520383097614 0.029619347779209777 0.998016365234942
vn 0.031555368862240196 0.9990084932056612 -0.03140524158356685
vn -0.031555368862240196 -0.9990084932056612 0.03140524158356685
usemtl m_ee04ce41-02b6-1ab6-19bd-0add19eeaf47
f 572/1708/427 575/1707/427 573/1706/427 570/1705/427
f 571/1712/428 572/1711/428 570/1710/428 569/1709/428
f 576/1716/429 571/1715/429 569/1714/429 574/1713/429
f 575/1720/430 576/1719/430 574/1718/430 573/1717/430
f 574/1724/431 569/1723/431 570/1722/431 573/1721/431
f 575/1728/432 572/1727/432 571/1726/432 576/1725/432
o left_wing_claw_tip
v -8.315199389725745 4.773478911399178 -5.408241270363327
v -8.689433275225934 4.785942936293847 -5.387780404622687
v -8.327032653049084 4.398850726447055 -5.39646430476949
v -8.701266538549275 4.411314751341724 -5.37600343902885
v -8.668601260859774 4.79705019171105 -5.013524267659584
v -8.294367375359585 4.784586166816381 -5.033985133400224
v -8.680434524183113 4.422422006758928 -5.001747302065747
v -8.306200638682924 4.409957981864258 -5.022208167806387
vt 0.650390625 0.529296875
vt 0.662109375 0.529296875
vt 0.662109375 0.517578125
vt 0.650390625 0.517578125
vt 0.638671875 0.529296875
vt 0.650390625 0.529296875
vt 0.650390625 0.517578125
vt 0.638671875 0.517578125
vt 0.673828125 0.529296875
vt 0.685546875 0.529296875
vt 0.685546875 0.517578125
vt 0.673828125 0.517578125
vt 0.662109375 0.529296875
vt 0.673828125 0.529296875
vt 0.673828125 0.517578125
vt 0.662109375 0.517578125
vt 0.662109375 0.529296875
vt 0.650390625 0.529296875
vt 0.650390625 0.541015625
vt 0.662109375 0.541015625
vt 0.673828125 0.541015625
vt 0.662109375 0.541015625
vt 0.662109375 0.529296875
vt 0.673828125 0.529296875
vn -0.997957028000504 0.03323739971911847 0.054562308641705866
vn -0.0555520383097614 -0.029619347779209777 -0.998016365234942
vn 0.997957028000504 -0.03323739971911847 -0.054562308641705866
vn 0.0555520383097614 0.029619347779209777 0.998016365234942
vn 0.031555368862240196 0.9990084932056612 -0.03140524158356685
vn -0.031555368862240196 -0.9990084932056612 0.03140524158356685
usemtl m_ee04ce41-02b6-1ab6-19bd-0add19eeaf47
f 580/1732/433 583/1731/433 581/1730/433 578/1729/433
f 579/1736/434 580/1735/434 578/1734/434 577/1733/434
f 584/1740/435 579/1739/435 577/1738/435 582/1737/435
f 583/1744/436 584/1743/436 582/1742/436 581/1741/436
f 582/1748/437 577/1747/437 578/1746/437 581/1745/437
f 583/1752/438 580/1751/438 579/1750/438 584/1749/438
o left_wing_web7
v -8.56337353545588 4.901069030749429 -4.584099029630391
v -10.390359433964731 5.065768957825479 -3.3923974265975865
v -8.56337353545588 4.901069030749429 -4.584099029630391
v -10.390359433964731 5.065768957825479 -3.3923974265975865
v -5.946975401352124 5.139246165630364 3.40955556049785
v -4.119989502843273 4.974546238554314 2.2178539574650458
v -5.946975401352124 5.139246165630364 3.40955556049785
v -4.119989502843273 4.974546238554314 2.2178539574650458
vt 0.068359375 0.833984375
vt 0.322265625 0.833984375
vt 0.322265625 0.833984375
vt 0.068359375 0.833984375
vt 0 0.833984375
vt 0.068359375 0.833984375
vt 0.068359375 0.833984375
vt 0 0.833984375
vt 0.390625 0.833984375
vt 0.64453125 0.833984375
vt 0.64453125 0.833984375
vt 0.390625 0.833984375
vt 0.322265625 0.833984375
vt 0.390625 0.833984375
vt 0.390625 0.833984375
vt 0.322265625 0.833984375
vt 0.322265625 0.833984375
vt 0.068359375 0.833984375
vt 0.068359375 0.90234375
vt 0.322265625 0.90234375
vt 0.576171875 0.90234375
vt 0.322265625 0.90234375
vt 0.322265625 0.833984375
vt 0.576171875 0.833984375
vn -0.8351935536040457 0.0752913952347654 0.5447778756721392
vn -0.54687803478309 -0.009043348652908872 -0.8371634445655922
vn 0.8351935536040457 -0.0752913952347654 -0.5447778756721392
vn 0.54687803478309 0.009043348652908872 0.8371634445655922
vn 0.05810458751279138 0.9971205662550264 -0.048728156759968735
vn -0.05810458751279138 -0.9971205662550264 0.048728156759968735
usemtl m_ee04ce41-02b6-1ab6-19bd-0add19eeaf47
f 588/1756/439 591/1755/439 589/1754/439 586/1753/439
f 587/1760/440 588/1759/440 586/1758/440 585/1757/440
f 592/1764/441 587/1763/441 585/1762/441 590/1761/441
f 591/1768/442 592/1767/442 590/1766/442 589/1765/442
f 590/1772/443 585/1771/443 586/1770/443 589/1769/443
f 591/1776/444 588/1775/444 587/1774/444 592/1773/444
o left_wing_web5
v -8.56337353545588 4.901069030749429 -4.584099029630391
v -10.675500969072946 5.106290615633143 -4.472623448178647
v -8.56337353545588 4.901069030749429 -4.584099029630391
v -10.675500969072946 5.106290615633143 -4.472623448178647
v -10.244972672172295 5.335840560922018 3.2620033823921535
v -8.13284523855523 5.1306189760383045 3.1505278009404076
v -10.244972672172295 5.335840560922018 3.2620033823921535
v -8.13284523855523 5.1306189760383045 3.1505278009404076
vt 0.068359375 0.412109375
vt 0.310546875 0.412109375
vt 0.310546875 0.412109375
vt 0.068359375 0.412109375
vt 0.001953125 0.412109375
vt 0.068359375 0.412109375
vt 0.068359375 0.412109375
vt 0.001953125 0.412109375
vt 0.376953125 0.412109375
vt 0.619140625 0.412109375
vt 0.619140625 0.412109375
vt 0.376953125 0.412109375
vt 0.310546875 0.412109375
vt 0.376953125 0.412109375
vt 0.376953125 0.412109375
vt 0.310546875 0.412109375
vt 0.310546875 0.412109375
vt 0.068359375 0.412109375
vt 0.068359375 0.478515625
vt 0.310546875 0.478515625
vt 0.552734375 0.478515625
vt 0.310546875 0.478515625
vt 0.310546875 0.412109375
vt 0.552734375 0.412109375
vn -0.9939423217021487 0.09657486347468906 0.052459097153762096
vn -0.055552038309761416 -0.029619347779209777 -0.9980163652349421
vn 0.9939423217021487 -0.09657486347468906 -0.052459097153762096
vn 0.055552038309761416 0.029619347779209777 0.9980163652349421
vn 0.09482948997528924 0.994884912933139 -0.03480485381447705
vn -0.09482948997528924 -0.994884912933139 0.03480485381447705
usemtl m_ee04ce41-02b6-1ab6-19bd-0add19eeaf47
f 596/1780/445 599/1779/445 597/1778/445 594/1777/445
f 595/1784/446 596/1783/446 594/1782/446 593/1781/446
f 600/1788/447 595/1787/447 593/1786/447 598/1785/447
f 599/1792/448 600/1791/448 598/1790/448 597/1789/448
f 598/1796/449 593/1795/449 594/1794/449 597/1793/449
f 599/1800/450 596/1799/450 595/1798/450 600/1797/450
o left_wing_web6
v -6.379251511979923 4.89778974709642 -4.705575294250366
v -8.563373535455879 4.901069030749429 -4.584099029630391
v -6.379251511979923 4.89778974709642 -4.705575294250366
v -8.563373535455879 4.901069030749429 -4.584099029630391
v -8.112013224189068 5.141726231455508 3.5247839379035106
v -5.9278912007131135 5.138446947802499 3.403307673283539
v -8.112013224189068 5.141726231455508 3.5247839379035106
v -5.9278912007131135 5.138446947802499 3.403307673283539
vt 0.068359375 0.90625
vt 0.322265625 0.90625
vt 0.322265625 0.90625
vt 0.068359375 0.90625
vt 0 0.90625
vt 0.068359375 0.90625
vt 0.068359375 0.90625
vt 0 0.90625
vt 0.390625 0.90625
vt 0.64453125 0.90625
vt 0.64453125 0.90625
vt 0.390625 0.90625
vt 0.322265625 0.90625
vt 0.390625 0.90625
vt 0.390625 0.90625
vt 0.322265625 0.90625
vt 0.322265625 0.90625
vt 0.068359375 0.90625
vt 0.068359375 0.974609375
vt 0.322265625 0.974609375
vt 0.576171875 0.974609375
vt 0.322265625 0.974609375
vt 0.322265625 0.90625
vt 0.576171875 0.90625
vn -0.9984557821604368 0.0014991010985185398 0.055532006683416714
vn -0.05555203830976139 -0.029619347779209774 -0.998016365234942
vn 0.9984557821604368 -0.0014991010985185398 -0.055532006683416714
vn 0.05555203830976139 0.029619347779209774 0.998016365234942
vn -0.00014869438937036058 0.999560126722265 -0.02965688717562801
vn 0.00014869438937036058 -0.999560126722265 0.02965688717562801
usemtl m_ee04ce41-02b6-1ab6-19bd-0add19eeaf47
f 604/1804/451 607/1803/451 605/1802/451 602/1801/451
f 603/1808/452 604/1807/452 602/1806/452 601/1805/452
f 608/1812/453 603/1811/453 601/1810/453 606/1809/453
f 607/1816/454 608/1815/454 606/1814/454 605/1813/454
f 606/1820/455 601/1819/455 602/1818/455 605/1817/455
f 607/1824/456 604/1823/456 603/1822/456 608/1821/456
o left_wing_web3
v -8.563373535455877 4.90106903074943 -4.584099029630389
v -10.453646635216849 5.043819707807467 -5.544367144543886
v -8.563373535455877 4.90106903074943 -4.584099029630389
v -10.453646635216849 5.043819707807467 -5.544367144543886
v -13.940922712646369 5.371301557056756 1.3689649896877718
v -12.050649612885397 5.2285508799987195 2.3292331046012684
v -13.940922712646369 5.371301557056756 1.3689649896877718
v -12.050649612885397 5.2285508799987195 2.3292331046012684
vt 0.068359375 0.552734375
vt 0.310546875 0.552734375
vt 0.310546875 0.552734375
vt 0.068359375 0.552734375
vt 0.001953125 0.552734375
vt 0.068359375 0.552734375
vt 0.068359375 0.552734375
vt 0.001953125 0.552734375
vt 0.376953125 0.552734375
vt 0.619140625 0.552734375
vt 0.619140625 0.552734375
vt 0.376953125 0.552734375
vt 0.310546875 0.552734375
vt 0.376953125 0.552734375
vt 0.376953125 0.552734375
vt 0.310546875 0.552734375
vt 0.310546875 0.552734375
vt 0.068359375 0.552734375
vt 0.068359375 0.619140625
vt 0.310546875 0.619140625
vt 0.552734375 0.619140625
vt 0.310546875 0.619140625
vt 0.310546875 0.552734375
vt 0.552734375 0.552734375
vn -0.8895402822404572 0.06717678920378228 -0.4518908776063513
vn 0.44997110676509927 -0.042255722483779214 -0.8920428560298915
vn 0.8895402822404572 -0.06717678920378228 0.4518908776063513
vn -0.44997110676509927 0.042255722483779214 0.8920428560298915
vn 0.0790195504173453 0.996845892256995 -0.0073605531175437305
vn -0.0790195504173453 -0.996845892256995 0.0073605531175437305
usemtl m_ee04ce41-02b6-1ab6-19bd-0add19eeaf47
f 612/1828/457 615/1827/457 613/1826/457 610/1825/457
f 611/1832/458 612/1831/458 610/1830/458 609/1829/458
f 616/1836/459 611/1835/459 609/1834/459 614/1833/459
f 615/1840/460 616/1839/460 614/1838/460 613/1837/460
f 614/1844/461 609/1843/461 610/1842/461 613/1841/461
f 615/1848/462 612/1847/462 611/1846/462 616/1845/462
o left_wing_web4
v -6.666409731596343 5.006076847786652 -3.632192161702733
v -8.563373535455877 4.901069030749429 -4.584099029630389
v -6.666409731596343 5.006076847786652 -3.632192161702733
v -8.563373535455877 4.901069030749429 -4.584099029630389
v -12.050649612885397 5.228550879998719 2.3292331046012684
v -10.153685809025863 5.333558697035941 3.2811399725289245
v -12.050649612885397 5.228550879998719 2.3292331046012684
v -10.153685809025863 5.333558697035941 3.2811399725289245
vt 0.068359375 0.482421875
vt 0.310546875 0.482421875
vt 0.310546875 0.482421875
vt 0.068359375 0.482421875
vt 0.001953125 0.482421875
vt 0.068359375 0.482421875
vt 0.068359375 0.482421875
vt 0.001953125 0.482421875
vt 0.376953125 0.482421875
vt 0.619140625 0.482421875
vt 0.619140625 0.482421875
vt 0.376953125 0.482421875
vt 0.310546875 0.482421875
vt 0.376953125 0.482421875
vt 0.376953125 0.482421875
vt 0.310546875 0.482421875
vt 0.310546875 0.482421875
vt 0.068359375 0.482421875
vt 0.068359375 0.548828125
vt 0.310546875 0.548828125
vt 0.552734375 0.548828125
vt 0.310546875 0.548828125
vt 0.310546875 0.482421875
vt 0.552734375 0.482421875
vn -0.8926888488750754 -0.04941544331163425 -0.44795617314242664
vn 0.4499711067650992 -0.042255722483779214 -0.8920428560298915
vn 0.8926888488750754 0.04941544331163425 0.44795617314242664
vn -0.4499711067650992 0.042255722483779214 0.8920428560298915
vn -0.02515198144649129 0.9978840453077145 -0.059956733980653605
vn 0.02515198144649129 -0.9978840453077145 0.059956733980653605
usemtl m_ee04ce41-02b6-1ab6-19bd-0add19eeaf47
f 620/1852/463 623/1851/463 621/1850/463 618/1849/463
f 619/1856/464 620/1855/464 618/1854/464 617/1853/464
f 624/1860/465 619/1859/465 617/1858/465 622/1857/465
f 623/1864/466 624/1863/466 622/1862/466 621/1861/466
f 622/1868/467 617/1867/467 618/1866/467 621/1865/467
f 623/1872/468 620/1871/468 619/1870/468 624/1869/468
o left_wing_web1
v -8.563373535455877 4.901069030749429 -4.584099029630391
v -9.725041676254605 4.973124793053347 -6.36200794118127
v -8.563373535455877 4.901069030749429 -4.584099029630391
v -9.725041676254605 4.973124793053347 -6.36200794118127
v -16.200459494405123 5.3110990334934325 -2.1173362821270967
v -15.038791353606397 5.239043271189515 -0.3394273705762174
v -16.200459494405123 5.3110990334934325 -2.1173362821270967
v -15.038791353606397 5.239043271189515 -0.3394273705762174
vt 0.068359375 0.693359375
vt 0.310546875 0.693359375
vt 0.310546875 0.693359375
vt 0.068359375 0.693359375
vt 0.001953125 0.693359375
vt 0.068359375 0.693359375
vt 0.068359375 0.693359375
vt 0.001953125 0.693359375
vt 0.376953125 0.693359375
vt 0.619140625 0.693359375
vt 0.619140625 0.693359375
vt 0.376953125 0.693359375
vt 0.310546875 0.693359375
vt 0.376953125 0.693359375
vt 0.376953125 0.693359375
vt 0.310546875 0.693359375
vt 0.310546875 0.693359375
vt 0.068359375 0.693359375
vt 0.068359375 0.759765625
vt 0.310546875 0.759765625
vt 0.552734375 0.759765625
vt 0.310546875 0.759765625
vt 0.310546875 0.693359375
vt 0.552734375 0.693359375
vn -0.5466673603758717 0.03390859402537316 -0.8366630172004135
vn 0.835537782987164 -0.043609579411624 -0.5476995689102158
vn 0.5466673603758717 -0.03390859402537316 0.8366630172004135
vn -0.835537782987164 0.043609579411624 0.5476995689102158
vn 0.055058244619418745 0.9984730401141355 0.004491977812117614
vn -0.055058244619418745 -0.9984730401141355 -0.004491977812117614
usemtl m_ee04ce41-02b6-1ab6-19bd-0add19eeaf47
f 628/1876/469 631/1875/469 629/1874/469 626/1873/469
f 627/1880/470 628/1879/470 626/1878/470 625/1877/470
f 632/1884/471 627/1883/471 625/1882/471 630/1881/471
f 631/1888/472 632/1887/472 630/1886/472 629/1885/472
f 630/1892/473 625/1891/473 626/1890/473 629/1889/473
f 631/1896/474 628/1895/474 627/1894/474 632/1893/474
o left_wing_web2
v -7.395838758085462 5.033082694902108 -2.813488983316522
v -8.563373535455877 4.901069030749429 -4.584099029630391
v -7.395838758085462 5.033082694902108 -2.813488983316522
v -8.563373535455877 4.901069030749429 -4.584099029630391
v -15.038791353606399 5.239043271189515 -0.3394273705762174
v -13.871256576235984 5.371056935342193 1.4311826757376522
v -15.038791353606399 5.239043271189515 -0.3394273705762174
v -13.871256576235984 5.371056935342193 1.4311826757376522
vt 0.068359375 0.623046875
vt 0.310546875 0.623046875
vt 0.310546875 0.623046875
vt 0.068359375 0.623046875
vt 0.001953125 0.623046875
vt 0.068359375 0.623046875
vt 0.068359375 0.623046875
vt 0.001953125 0.623046875
vt 0.376953125 0.623046875
vt 0.619140625 0.623046875
vt 0.619140625 0.623046875
vt 0.376953125 0.623046875
vt 0.310546875 0.623046875
vt 0.376953125 0.623046875
vt 0.376953125 0.623046875
vt 0.310546875 0.623046875
vt 0.310546875 0.623046875
vt 0.068359375 0.623046875
vt 0.068359375 0.689453125
vt 0.310546875 0.689453125
vt 0.552734375 0.689453125
vt 0.310546875 0.689453125
vt 0.310546875 0.623046875
vt 0.552734375 0.623046875
vn -0.5494281305272541 -0.062124077248319205 -0.8332282570888795
vn 0.8355377829871641 -0.043609579411624 -0.5476995689102159
vn 0.5494281305272541 0.062124077248319205 0.8332282570888795
vn -0.8355377829871641 0.043609579411624 0.5476995689102159
vn 0.0023114035176771473 0.9971152408872237 -0.07586734346339236
vn -0.0023114035176771473 -0.9971152408872237 0.07586734346339236
usemtl m_ee04ce41-02b6-1ab6-19bd-0add19eeaf47
f 636/1900/475 639/1899/475 637/1898/475 634/1897/475
f 635/1904/476 636/1903/476 634/1902/476 633/1901/476
f 640/1908/477 635/1907/477 633/1906/477 638/1905/477
f 639/1912/478 640/1911/478 638/1910/478 637/1909/478
f 638/1916/479 633/1915/479 634/1914/479 637/1913/479
f 639/1920/480 636/1919/480 635/1918/480 640/1917/480
o left_wing_web0
v -8.437932474673671 5.05487072449233 -2.468387664800193
v -8.563373535455877 4.901069030749429 -4.584099029630389
v -8.437932474673671 5.05487072449233 -2.468387664800193
v -8.563373535455877 4.901069030749429 -4.584099029630389
v -16.296582205524864 5.159159385176412 -4.1443570210371234
v -16.17114114474266 5.312961078919313 -2.028645656206928
v -16.296582205524864 5.159159385176412 -4.1443570210371234
v -16.17114114474266 5.312961078919313 -2.028645656206928
vt 0.068359375 0.763671875
vt 0.310546875 0.763671875
vt 0.310546875 0.763671875
vt 0.068359375 0.763671875
vt 0.001953125 0.763671875
vt 0.068359375 0.763671875
vt 0.068359375 0.763671875
vt 0.001953125 0.763671875
vt 0.376953125 0.763671875
vt 0.619140625 0.763671875
vt 0.619140625 0.763671875
vt 0.376953125 0.763671875
vt 0.310546875 0.763671875
vt 0.376953125 0.763671875
vt 0.376953125 0.763671875
vt 0.310546875 0.763671875
vt 0.310546875 0.763671875
vt 0.068359375 0.763671875
vt 0.068359375 0.830078125
vt 0.310546875 0.830078125
vt 0.552734375 0.830078125
vt 0.310546875 0.830078125
vt 0.310546875 0.763671875
vt 0.552734375 0.763671875
vn -0.05903108742692039 -0.07237726764371828 -0.995628877567151
vn 0.9978333767830948 -0.033301981216384904 -0.05674090433461487
vn 0.05903108742692039 0.07237726764371828 0.995628877567151
vn -0.9978333767830948 0.033301981216384904 0.05674090433461487
vn 0.029049662559858597 0.996821202210052 -0.07418630553993932
vn -0.029049662559858597 -0.996821202210052 0.07418630553993932
usemtl m_ee04ce41-02b6-1ab6-19bd-0add19eeaf47
f 644/1924/481 647/1923/481 645/1922/481 642/1921/481
f 643/1928/482 644/1927/482 642/1926/482 641/1925/482
f 648/1932/483 643/1931/483 641/1930/483 646/1929/483
f 647/1936/484 648/1935/484 646/1934/484 645/1933/484
f 646/1940/485 641/1939/485 642/1938/485 645/1937/485
f 647/1944/486 644/1943/486 643/1942/486 648/1941/486
o left_wing_root_web
v -0.9769974228238663 4.585024036998988 2.2616577591355576
v -1.1705529211772683 4.481327126500411 -1.2314473380251643
v -0.39829652659139714 3.201180112883561 2.2706725463518813
v -0.5918520249447992 3.0974832023849848 -1.2224325508088405
v -1.1705529211772683 4.481327126500411 -1.2314473380251643
v -0.9769974228238663 4.585024036998988 2.2616577591355576
v -0.5918520249447992 3.0974832023849848 -1.2224325508088405
v -0.39829652659139714 3.201180112883561 2.2706725463518813
vt 0.689453125 0.88671875
vt 0.689453125 0.88671875
vt 0.689453125 0.83984375
vt 0.689453125 0.83984375
vt 0.580078125 0.88671875
vt 0.689453125 0.88671875
vt 0.689453125 0.83984375
vt 0.580078125 0.83984375
vt 0.798828125 0.88671875
vt 0.798828125 0.88671875
vt 0.798828125 0.83984375
vt 0.798828125 0.83984375
vt 0.689453125 0.88671875
vt 0.798828125 0.88671875
vt 0.798828125 0.83984375
vt 0.689453125 0.83984375
vt 0.689453125 0.88671875
vt 0.689453125 0.88671875
vt 0.689453125 0.99609375
vt 0.689453125 0.99609375
vt 0.689453125 0.99609375
vt 0.689453125 0.99609375
vt 0.689453125 0.88671875
vt 0.689453125 0.88671875
vn -0.05530157095811486 -0.029627688713878903 -0.9980300277602063
vn 0.920923251540119 0.38470822642455443 -0.06244954198429578
vn 0.05530157095811486 0.029627688713878903 0.9980300277602063
vn -0.920923251540119 -0.38470822642455443 0.06244954198429578
vn -0.38580059748831286 0.9225626160769507 -0.006009858144215827
vn 0.38580059748831286 -0.9225626160769507 0.006009858144215827
usemtl m_ee04ce41-02b6-1ab6-19bd-0add19eeaf47
f 652/1948/487 655/1947/487 653/1946/487 650/1945/487
f 651/1952/488 652/1951/488 650/1950/488 649/1949/488
f 656/1956/489 651/1955/489 649/1954/489 654/1953/489
f 655/1960/490 656/1959/490 654/1958/490 653/1957/490
f 654/1964/491 649/1963/491 650/1962/491 653/1961/491
f 655/1968/492 652/1967/492 651/1966/492 656/1965/492
o right_wing_arm
v 4.20858070565782 4.844688632115637 -0.8924441356531007
v 4.239036064993626 4.826859828473426 -1.4538360262682166
v 4.252985533085895 4.346997528219649 -0.8742294052440108
v 4.283440892421702 4.329168724577438 -1.4356212958591268
v 0.7580201071759091 4.509734987096197 -1.6326088888616996
v 0.7275647478401029 4.527563790738408 -1.0712169982465836
v 0.8024249346039842 4.012043883200208 -1.6143941584526098
v 0.7719695752681781 4.02987268684242 -1.0530022678374937
vt 0.68359375 0.560546875
vt 0.57421875 0.560546875
vt 0.57421875 0.544921875
vt 0.68359375 0.544921875
vt 0.701171875 0.560546875
vt 0.68359375 0.560546875
vt 0.68359375 0.544921875
vt 0.701171875 0.544921875
vt 0.810546875 0.560546875
vt 0.701171875 0.560546875
vt 0.701171875 0.544921875
vt 0.810546875 0.544921875
vt 0.57421875 0.560546875
vt 0.556640625 0.560546875
vt 0.556640625 0.544921875
vt 0.57421875 0.544921875
vt 0.57421875 0.560546875
vt 0.68359375 0.560546875
vt 0.68359375 0.578125
vt 0.57421875 0.578125
vt 0.68359375 0.578125
vt 0.79296875 0.578125
vt 0.79296875 0.560546875
vt 0.68359375 0.560546875
vn 0.05414286104143306 -0.03169565091948721 -0.9980300277602063
vn 0.9945759879479191 0.0906070975363512 0.05107796074099509
vn -0.05414286104143306 0.03169565091948721 0.9980300277602063
vn -0.9945759879479191 -0.0906070975363512 -0.05107796074099509
vn -0.08880965485615044 0.995382207791976 -0.0364294608181796
vn 0.08880965485615044 -0.995382207791976 0.0364294608181796
usemtl m_ee04ce41-02b6-1ab6-19bd-0add19eeaf47
f 660/1972/493 663/1971/493 661/1970/493 658/1969/493
f 659/1976/494 660/1975/494 658/1974/494 657/1973/494
f 664/1980/495 659/1979/495 657/1978/495 662/1977/495
f 663/1984/496 664/1983/496 662/1982/496 661/1981/496
f 662/1988/497 657/1987/497 658/1986/497 661/1985/497
f 663/1992/498 660/1991/498 659/1990/498 664/1989/498
o right_wing_membrane
v 4.040333685315092 4.8252576998124415 2.418084013904855
v 4.229833698960108 4.714322921594236 -1.0750210832558669
v 4.040333685315092 4.8252576998124415 2.418084013904855
v 4.229833698960108 4.714322921594236 -1.0750210832558669
v 0.7488177411423904 4.397198080217007 -1.2537939458493497
v 0.5593177274973749 4.5081328584352125 2.239311151311372
v 0.7488177411423904 4.397198080217007 -1.2537939458493497
v 0.5593177274973749 4.5081328584352125 2.239311151311372
vt 0.693359375 0.890625
vt 0.583984375 0.890625
vt 0.583984375 0.890625
vt 0.693359375 0.890625
vt 0.802734375 0.890625
vt 0.693359375 0.890625
vt 0.693359375 0.890625
vt 0.802734375 0.890625
vt 0.912109375 0.890625
vt 0.802734375 0.890625
vt 0.802734375 0.890625
vt 0.912109375 0.890625
vt 0.583984375 0.890625
vt 0.474609375 0.890625
vt 0.474609375 0.890625
vt 0.583984375 0.890625
vt 0.583984375 0.890625
vt 0.693359375 0.890625
vt 0.693359375 1
vt 0.583984375 1
vt 0.693359375 1
vt 0.802734375 1
vt 0.802734375 0.890625
vt 0.693359375 0.890625
vn 0.05414286104143306 -0.03169565091948721 -0.9980300277602063
vn 0.9945759879479191 0.0906070975363512 0.05107796074099509
vn -0.05414286104143306 0.03169565091948721 0.9980300277602063
vn -0.9945759879479191 -0.0906070975363512 -0.05107796074099509
vn -0.08880965485615044 0.995382207791976 -0.0364294608181796
vn 0.08880965485615044 -0.995382207791976 0.0364294608181796
usemtl m_ee04ce41-02b6-1ab6-19bd-0add19eeaf47
f 668/1996/499 671/1995/499 669/1994/499 666/1993/499
f 667/2000/500 668/1999/500 666/1998/500 665/1997/500
f 672/2004/501 667/2003/501 665/2002/501 670/2001/501
f 671/2008/502 672/2007/502 670/2006/502 669/2005/502
f 670/2012/503 665/2011/503 666/2010/503 669/2009/503
f 671/2016/504 668/2015/504 667/2014/504 672/2013/504
o right_wing_sail
v 8.121980353035514 4.828511565087933 3.328265942009086
v 8.551739312551888 4.576927335914503 -4.593597403337551
v 8.121980353035514 4.828511565087933 3.328265942009086
v 8.551739312551888 4.576927335914503 -4.593597403337551
v 4.432869427865481 4.595464230646158 -4.81763368735664
v 4.0031104683491066 4.847048459819588 3.104229657989997
v 4.432869427865481 4.595464230646158 -4.81763368735664
v 4.0031104683491066 4.847048459819588 3.104229657989997
vt 0.685546875 0.58203125
vt 0.556640625 0.58203125
vt 0.556640625 0.58203125
vt 0.685546875 0.58203125
vt 0.93359375 0.58203125
vt 0.685546875 0.58203125
vt 0.685546875 0.58203125
vt 0.93359375 0.58203125
vt 1.0625 0.58203125
vt 0.93359375 0.58203125
vt 0.93359375 0.58203125
vt 1.0625 0.58203125
vt 0.556640625 0.58203125
vt 0.30859375 0.58203125
vt 0.30859375 0.58203125
vt 0.556640625 0.58203125
vt 0.556640625 0.58203125
vt 0.685546875 0.58203125
vt 0.685546875 0.830078125
vt 0.556640625 0.830078125
vt 0.685546875 0.830078125
vt 0.814453125 0.830078125
vt 0.814453125 0.58203125
vt 0.685546875 0.58203125
vn 0.05414286104143306 -0.03169565091948721 -0.9980300277602064
vn 0.9985139114391293 -0.004493792662219478 0.05431182642887019
vn -0.05414286104143306 0.03169565091948721 0.9980300277602064
vn -0.9985139114391293 0.004493792662219478 -0.05431182642887019
vn 0.0062063887067128004 0.9994874644237911 -0.03140524158356685
vn -0.0062063887067128004 -0.9994874644237911 0.03140524158356685
usemtl m_ee04ce41-02b6-1ab6-19bd-0add19eeaf47
f 676/2020/505 679/2019/505 677/2018/505 674/2017/505
f 675/2024/506 676/2023/506 674/2022/506 673/2021/506
f 680/2028/507 675/2027/507 673/2026/507 678/2025/507
f 679/2032/508 680/2031/508 678/2030/508 677/2029/508
f 678/2036/509 673/2035/509 674/2034/509 677/2033/509
f 679/2040/510 676/2039/510 675/2038/510 680/2037/510
o right_wing_tip1
v 8.713364146616039 4.715153191285288 -4.341788601734391
v 8.413185880347356 4.704457329778219 -4.741511764694145
v 8.710648851556853 4.27787742559988 -4.328048808541581
v 8.41047058528817 4.267181564092811 -4.727771971501335
v 3.914826167104744 4.8384224230936965 -1.3669839097122378
v 4.215004433373425 4.849118284600765 -0.967260746752483
v 3.9121108720455577 4.4011466574082885 -1.3532441165194267
v 4.2122891383142385 4.411842518915357 -0.9535209535596718
vt 0.259765625 0.392578125
vt 0.083984375 0.392578125
vt 0.083984375 0.37890625
vt 0.259765625 0.37890625
vt 0.275390625 0.392578125
vt 0.259765625 0.392578125
vt 0.259765625 0.37890625
vt 0.275390625 0.37890625
vt 0.451171875 0.392578125
vt 0.275390625 0.392578125
vt 0.275390625 0.37890625
vt 0.451171875 0.37890625
vt 0.083984375 0.392578125
vt 0.068359375 0.392578125
vt 0.068359375 0.37890625
vt 0.083984375 0.37890625
vt 0.083984375 0.392578125
vt 0.259765625 0.392578125
vt 0.259765625 0.408203125
vt 0.083984375 0.408203125
vt 0.259765625 0.408203125
vt 0.435546875 0.408203125
vt 0.435546875 0.392578125
vt 0.259765625 0.392578125
vn -0.6003565325373619 -0.021391723014137127 -0.7994463259195091
vn 0.7997083934653536 -0.02381601658941821 -0.5999160631078949
vn 0.6003565325373619 0.021391723014137127 0.7994463259195091
vn -0.7997083934653536 0.02381601658941821 0.5999160631078949
vn 0.006206388706712798 0.999487464423791 -0.03140524158356684
vn -0.006206388706712798 -0.999487464423791 0.03140524158356684
usemtl m_ee04ce41-02b6-1ab6-19bd-0add19eeaf47
f 684/2044/511 687/2043/511 685/2042/511 682/2041/511
f 683/2048/512 684/2047/512 682/2046/512 681/2045/512
f 688/2052/513 683/2051/513 681/2050/513 686/2049/513
f 687/2056/514 688/2055/514 686/2054/514 685/2053/514
f 686/2060/515 681/2059/515 682/2058/515 685/2057/515
f 687/2064/516 684/2063/516 683/2062/516 688/2061/516
o right_wing_tip2
v 16.18758006984843 4.688188616683278 -3.921886243583053
v 16.208794988812272 4.676298681031398 -4.296096821524874
v 16.185640573377583 4.375848784050843 -3.912072105588188
v 16.206855492341425 4.363958848398963 -4.286282683530009
v 8.408957738620762 4.710803611232134 -4.7393851366390525
v 8.38774281965692 4.722693546884014 -4.365174558697232
v 8.407018242149913 4.398463778599698 -4.7295709986441885
v 8.385803323186071 4.410353714251579 -4.355360420702367
vt 0.32421875 0.98828125
vt 0.080078125 0.98828125
vt 0.080078125 0.978515625
vt 0.32421875 0.978515625
vt 0.3359375 0.98828125
vt 0.32421875 0.98828125
vt 0.32421875 0.978515625
vt 0.3359375 0.978515625
vt 0.580078125 0.98828125
vt 0.3359375 0.98828125
vt 0.3359375 0.978515625
vt 0.580078125 0.978515625
vt 0.080078125 0.98828125
vt 0.068359375 0.98828125
vt 0.068359375 0.978515625
vt 0.080078125 0.978515625
vt 0.080078125 0.98828125
vt 0.32421875 0.98828125
vt 0.32421875 1
vt 0.080078125 1
vt 0.32421875 1
vt 0.568359375 1
vt 0.568359375 0.98828125
vt 0.32421875 0.98828125
vn 0.056573117236913516 -0.03170649507168135 -0.997894874511523
vn 0.9983791680245135 -0.004416631065694153 0.0567409043346148
vn -0.056573117236913516 0.03170649507168135 0.997894874511523
vn -0.9983791680245135 0.004416631065694153 -0.0567409043346148
vn 0.006206388706712802 0.9994874644237911 -0.03140524158356685
vn -0.006206388706712802 -0.9994874644237911 0.03140524158356685
usemtl m_ee04ce41-02b6-1ab6-19bd-0add19eeaf47
f 692/2068/517 695/2067/517 693/2066/517 690/2065/517
f 691/2072/518 692/2071/518 690/2070/518 689/2069/518
f 696/2076/519 691/2075/519 689/2074/519 694/2073/519
f 695/2080/520 696/2079/520 694/2078/520 693/2077/520
f 694/2084/521 689/2083/521 690/2082/521 693/2081/521
f 695/2088/522 692/2087/522 691/2086/522 696/2085/522
o right_wing_tip3
v 15.091375724578494 4.824532689177268 0.0016855815091894044
v 15.296799290131247 4.813405497926615 -0.31184646522681003
v 15.089436228107648 4.512192856544833 0.011499719504053374
v 15.2948597936604 4.50106566529418 -0.30203232723194606
v 8.760949237274177 4.719541436487302 -4.590749347337871
v 8.555525671721425 4.730668627737955 -4.277217300601871
v 8.759009740803329 4.407201603854867 -4.580935209343006
v 8.553586175250576 4.41832879510552 -4.267403162607007
vt 0.32421875 0.98828125
vt 0.080078125 0.98828125
vt 0.080078125 0.978515625
vt 0.32421875 0.978515625
vt 0.3359375 0.98828125
vt 0.32421875 0.98828125
vt 0.32421875 0.978515625
vt 0.3359375 0.978515625
vt 0.580078125 0.98828125
vt 0.3359375 0.98828125
vt 0.3359375 0.978515625
vt 0.580078125 0.978515625
vt 0.080078125 0.98828125
vt 0.068359375 0.98828125
vt 0.068359375 0.978515625
vt 0.080078125 0.978515625
vt 0.080078125 0.98828125
vt 0.32421875 0.98828125
vt 0.32421875 1
vt 0.080078125 1
vt 0.32421875 1
vt 0.568359375 1
vt 0.568359375 0.98828125
vt 0.32421875 0.98828125
vn 0.5477961748073411 -0.029672510001740704 -0.8360854579626665
vn 0.8365888067657051 0.012014599864232093 0.5476995689102157
vn -0.5477961748073411 0.029672510001740704 0.8360854579626665
vn -0.8365888067657051 -0.012014599864232093 -0.5476995689102157
vn 0.006206388706712801 0.999487464423791 -0.03140524158356685
vn -0.006206388706712801 -0.999487464423791 0.03140524158356685
usemtl m_ee04ce41-02b6-1ab6-19bd-0add19eeaf47
f 700/2092/523 703/2091/523 701/2090/523 698/2089/523
f 699/2096/524 700/2095/524 698/2094/524 697/2093/524
f 704/2100/525 699/2099/525 697/2098/525 702/2097/525
f 703/2104/526 704/2103/526 702/2102/526 701/2101/526
f 702/2108/527 697/2107/527 698/2106/527 701/2105/527
f 703/2112/528 700/2111/528 699/2110/528 704/2109/528
o right_wing_tip5
v 11.929713727040077 4.933120055750302 2.6337050852797415
v 12.26435544584598 4.925729607996193 2.464633203180366
v 11.92777423056923 4.620780223117867 2.6435192232746054
v 12.262415949375132 4.613389775363759 2.47444734117523
v 8.738994497054486 4.72864256209296 -4.504451609553161
v 8.404352778248585 4.736033009847069 -4.335379727453786
v 8.73705500058364 4.416302729460526 -4.494637471558297
v 8.402413281777736 4.423693177214634 -4.325565589458922
vt 0.32421875 0.98828125
vt 0.080078125 0.98828125
vt 0.080078125 0.978515625
vt 0.32421875 0.978515625
vt 0.3359375 0.98828125
vt 0.32421875 0.98828125
vt 0.32421875 0.978515625
vt 0.3359375 0.978515625
vt 0.580078125 0.98828125
vt 0.3359375 0.98828125
vt 0.3359375 0.978515625
vt 0.580078125 0.978515625
vt 0.080078125 0.98828125
vt 0.068359375 0.98828125
vt 0.068359375 0.978515625
vt 0.080078125 0.978515625
vt 0.080078125 0.98828125
vt 0.32421875 0.98828125
vt 0.32421875 1
vt 0.080078125 1
vt 0.32421875 1
vt 0.568359375 1
vt 0.568359375 0.98828125
vt 0.32421875 0.98828125
vn 0.8923779168157396 -0.019707860677624582 -0.4508583522650018
vn 0.45124620144531097 0.025227141875613784 0.8920428560298914
vn -0.8923779168157396 0.019707860677624582 0.4508583522650018
vn -0.45124620144531097 -0.025227141875613784 -0.8920428560298914
vn 0.006206388706712803 0.999487464423791 -0.03140524158356685
vn -0.006206388706712803 -0.999487464423791 0.03140524158356685
usemtl m_ee04ce41-02b6-1ab6-19bd-0add19eeaf47
f 708/2116/529 711/2115/529 709/2114/529 706/2113/529
f 707/2120/530 708/2119/530 706/2118/530 705/2117/530
f 712/2124/531 707/2123/531 705/2122/531 710/2121/531
f 711/2128/532 712/2127/532 710/2126/532 709/2125/532
f 710/2132/533 705/2131/533 706/2130/533 709/2129/533
f 711/2136/534 708/2135/534 707/2134/534 712/2133/534
o right_wing_tip6
v 7.856737116189599 4.988080563898797 3.3789266378737075
v 8.231174725429078 4.986398374799279 3.3993875036143457
v 7.854797619718751 4.675740731266362 3.3887407758685733
v 8.229235228958231 4.674058542166844 3.4092016416092115
v 8.65612366842841 4.738767298503419 -4.39761534978364
v 8.281686059188932 4.740449487602937 -4.41807621552428
v 8.654184171957562 4.426427465870984 -4.387801211788775
v 8.279746562718083 4.428109654970502 -4.408262077529415
vt 0.32421875 0.98828125
vt 0.080078125 0.98828125
vt 0.080078125 0.978515625
vt 0.32421875 0.978515625
vt 0.3359375 0.98828125
vt 0.32421875 0.98828125
vt 0.32421875 0.978515625
vt 0.3359375 0.978515625
vt 0.580078125 0.98828125
vt 0.3359375 0.98828125
vt 0.3359375 0.978515625
vt 0.580078125 0.978515625
vt 0.080078125 0.98828125
vt 0.068359375 0.98828125
vt 0.068359375 0.978515625
vt 0.080078125 0.978515625
vt 0.080078125 0.98828125
vt 0.32421875 0.98828125
vt 0.32421875 1
vt 0.080078125 1
vt 0.32421875 1
vt 0.568359375 1
vt 0.568359375 0.98828125
vt 0.32421875 0.98828125
vn 0.9985002913052783 -0.004485837598715016 0.05456230864170582
vn -0.054393464703914714 0.03169677776587018 0.998016365234942
vn -0.9985002913052783 0.004485837598715016 -0.05456230864170582
vn 0.054393464703914714 -0.03169677776587018 -0.998016365234942
vn 0.006206388706712803 0.9994874644237911 -0.03140524158356685
vn -0.006206388706712803 -0.9994874644237911 0.03140524158356685
usemtl m_ee04ce41-02b6-1ab6-19bd-0add19eeaf47
f 716/2140/535 719/2139/535 717/2138/535 714/2137/535
f 715/2144/536 716/2143/536 714/2142/536 713/2141/536
f 720/2148/537 715/2147/537 713/2146/537 718/2145/537
f 719/2152/538 720/2151/538 718/2150/538 717/2149/538
f 718/2156/539 713/2155/539 714/2154/539 717/2153/539
f 719/2160/540 716/2159/540 715/2158/540 720/2157/540
o right_wing_claw
v 8.28926104086526 4.861423323435176 -4.5467539163765895
v 8.663698650104738 4.859741134335658 -4.5262930506359496
v 8.286933645100241 4.486615524276255 -4.534976950782752
v 8.661371254339722 4.484933335176737 -4.514516085042112
v 8.711292931720664 4.832006453790521 -5.399557370216524
v 8.336855322481185 4.833688642890039 -5.420018235957164
v 8.708965535955645 4.4571986546316005 -5.387780404622687
v 8.334527926716166 4.4588808437311185 -5.408241270363327
vt 0.595703125 0.529296875
vt 0.568359375 0.529296875
vt 0.568359375 0.517578125
vt 0.595703125 0.517578125
vt 0.607421875 0.529296875
vt 0.595703125 0.529296875
vt 0.595703125 0.517578125
vt 0.607421875 0.517578125
vt 0.634765625 0.529296875
vt 0.607421875 0.529296875
vt 0.607421875 0.517578125
vt 0.634765625 0.517578125
vt 0.568359375 0.529296875
vt 0.556640625 0.529296875
vt 0.556640625 0.517578125
vt 0.568359375 0.517578125
vt 0.568359375 0.529296875
vt 0.595703125 0.529296875
vt 0.595703125 0.541015625
vt 0.568359375 0.541015625
vt 0.595703125 0.541015625
vt 0.623046875 0.541015625
vt 0.623046875 0.529296875
vt 0.595703125 0.529296875
vn 0.9985002913052783 -0.004485837598715016 0.05456230864170582
vn -0.054393464703914714 0.03169677776587018 0.998016365234942
vn -0.9985002913052783 0.004485837598715016 -0.05456230864170582
vn 0.054393464703914714 -0.03169677776587018 -0.998016365234942
vn 0.006206388706712803 0.9994874644237911 -0.03140524158356685
vn -0.006206388706712803 -0.9994874644237911 0.03140524158356685
usemtl m_ee04ce41-02b6-1ab6-19bd-0add19eeaf47
f 724/2164/541 727/2163/541 725/2162/541 722/2161/541
f 723/2168/542 724/2167/542 722/2166/542 721/2165/542
f 728/2172/543 723/2171/543 721/2170/543 726/2169/543
f 727/2176/544 728/2175/544 726/2174/544 725/2173/544
f 726/2180/545 721/2179/545 722/2178/545 725/2177/545
f 727/2184/546 724/2183/546 723/2182/546 728/2181/546
o right_wing_claw_tip
v 8.3141303774522 4.47076713539332 -5.033985133400224
v 8.688567986691679 4.469084946293802 -5.013524267659584
v 8.311802981687181 4.095959336234397 -5.022208167806387
v 8.686240590926662 4.09427714713488 -5.001747302065747
v 8.708965535955645 4.4571986546316005 -5.387780404622687
v 8.334527926716166 4.4588808437311185 -5.408241270363327
v 8.706638140190629 4.082390855472678 -5.37600343902885
v 8.33220053095115 4.084073044572197 -5.39646430476949
vt 0.662109375 0.529296875
vt 0.650390625 0.529296875
vt 0.650390625 0.517578125
vt 0.662109375 0.517578125
vt 0.673828125 0.529296875
vt 0.662109375 0.529296875
vt 0.662109375 0.517578125
vt 0.673828125 0.517578125
vt 0.685546875 0.529296875
vt 0.673828125 0.529296875
vt 0.673828125 0.517578125
vt 0.685546875 0.517578125
vt 0.650390625 0.529296875
vt 0.638671875 0.529296875
vt 0.638671875 0.517578125
vt 0.650390625 0.517578125
vt 0.650390625 0.529296875
vt 0.662109375 0.529296875
vt 0.662109375 0.541015625
vt 0.650390625 0.541015625
vt 0.662109375 0.541015625
vt 0.673828125 0.541015625
vt 0.673828125 0.529296875
vt 0.662109375 0.529296875
vn 0.9985002913052783 -0.004485837598715016 0.05456230864170582
vn -0.054393464703914714 0.03169677776587018 0.998016365234942
vn -0.9985002913052783 0.004485837598715016 -0.05456230864170582
vn 0.054393464703914714 -0.03169677776587018 -0.998016365234942
vn 0.006206388706712803 0.9994874644237911 -0.03140524158356685
vn -0.006206388706712803 -0.9994874644237911 0.03140524158356685
usemtl m_ee04ce41-02b6-1ab6-19bd-0add19eeaf47
f 732/2188/547 735/2187/547 733/2186/547 730/2185/547
f 731/2192/548 732/2191/548 730/2190/548 729/2189/548
f 736/2196/549 731/2195/549 729/2194/549 734/2193/549
f 735/2200/550 736/2199/550 734/2198/550 733/2197/550
f 734/2204/551 729/2203/551 730/2202/551 733/2201/551
f 735/2208/552 732/2207/552 731/2206/552 736/2205/552
o right_wing_web7
v 4.149908212944741 4.818285791055562 2.2178539574650458
v 5.981811838084799 4.913850677534631 3.40955556049785
v 4.149908212944741 4.818285791055562 2.2178539574650458
v 5.981811838084799 4.913850677534631 3.40955556049785
v 10.419248484706806 4.672569578897568 -3.3923974265975865
v 8.587344859566747 4.577004692418499 -4.584099029630391
v 10.419248484706806 4.672569578897568 -3.3923974265975865
v 8.587344859566747 4.577004692418499 -4.584099029630391
vt 0.322265625 0.833984375
vt 0.068359375 0.833984375
vt 0.068359375 0.833984375
vt 0.322265625 0.833984375
vt 0.390625 0.833984375
vt 0.322265625 0.833984375
vt 0.322265625 0.833984375
vt 0.390625 0.833984375
vt 0.64453125 0.833984375
vt 0.390625 0.833984375
vt 0.390625 0.833984375
vt 0.64453125 0.833984375
vt 0.068359375 0.833984375
vt 0 0.833984375
vt 0 0.833984375
vt 0.068359375 0.833984375
vt 0.068359375 0.833984375
vt 0.322265625 0.833984375
vt 0.322265625 0.90234375
vt 0.068359375 0.90234375
vt 0.322265625 0.90234375
vt 0.576171875 0.90234375
vt 0.576171875 0.833984375
vt 0.322265625 0.833984375
vn 0.837441657206884 0.04368680524757468 0.5447778756721391
vn -0.5461460488150162 0.029696135216869257 0.8371634445655921
vn -0.837441657206884 -0.04368680524757468 -0.5447778756721391
vn 0.5461460488150162 -0.029696135216869257 -0.8371634445655921
vn -0.020395198904007122 0.9986038266502096 -0.04872815675996872
vn 0.020395198904007122 -0.9986038266502096 0.04872815675996872
usemtl m_ee04ce41-02b6-1ab6-19bd-0add19eeaf47
f 740/2212/553 743/2211/553 741/2210/553 738/2209/553
f 739/2216/554 740/2215/554 738/2214/554 737/2213/554
f 744/2220/555 739/2219/555 737/2218/555 742/2217/555
f 743/2224/556 744/2223/556 742/2222/556 741/2221/556
f 742/2228/557 737/2227/557 738/2226/557 741/2225/557
f 743/2232/558 740/2231/558 739/2230/558 744/2229/558
o right_wing_web5
v 8.165795508111408 4.822654720103993 3.1505278009404076
v 10.284167910156953 4.947940637077086 3.2620033823921535
v 8.165795508111408 4.822654720103993 3.1505278009404076
v 10.284167910156953 4.947940637077086 3.2620033823921535
v 10.705717261612289 4.702290609391592 -4.472623448178647
v 8.587344859566745 4.577004692418499 -4.584099029630391
v 10.705717261612289 4.702290609391592 -4.472623448178647
v 8.587344859566745 4.577004692418499 -4.584099029630391
vt 0.310546875 0.412109375
vt 0.068359375 0.412109375
vt 0.068359375 0.412109375
vt 0.310546875 0.412109375
vt 0.376953125 0.412109375
vt 0.310546875 0.412109375
vt 0.310546875 0.412109375
vt 0.376953125 0.412109375
vt 0.619140625 0.412109375
vt 0.376953125 0.412109375
vt 0.376953125 0.412109375
vt 0.619140625 0.412109375
vt 0.068359375 0.412109375
vt 0.001953125 0.412109375
vt 0.001953125 0.412109375
vt 0.068359375 0.412109375
vt 0.068359375 0.412109375
vt 0.310546875 0.412109375
vt 0.310546875 0.478515625
vt 0.068359375 0.478515625
vt 0.310546875 0.478515625
vt 0.552734375 0.478515625
vt 0.552734375 0.412109375
vt 0.310546875 0.412109375
vn 0.9968811303743736 0.058958078575573156 0.05245909715376203
vn -0.05439346470391472 0.03169677776587018 0.9980163652349421
vn -0.9968811303743736 -0.058958078575573156 -0.05245909715376203
vn 0.05439346470391472 -0.03169677776587018 -0.9980163652349421
vn -0.05717834293694859 0.9977571143569649 -0.03480485381447704
vn 0.05717834293694859 -0.9977571143569649 0.03480485381447704
usemtl m_ee04ce41-02b6-1ab6-19bd-0add19eeaf47
f 748/2236/559 751/2235/559 749/2234/559 746/2233/559
f 747/2240/560 748/2239/560 746/2238/560 745/2237/560
f 752/2244/561 747/2243/561 745/2242/561 750/2241/561
f 751/2248/562 752/2247/562 750/2246/562 749/2245/562
f 750/2252/563 745/2251/563 746/2250/563 749/2249/563
f 751/2256/564 748/2255/564 747/2254/564 752/2253/564
o right_wing_web6
v 5.962711067827799 4.913772968103244 3.403307673283539
v 8.14539795884744 4.834541011766195 3.5247839379035106
v 5.962711067827799 4.913772968103244 3.403307673283539
v 8.14539795884744 4.834541011766195 3.5247839379035106
v 8.587344859566745 4.577004692418499 -4.584099029630391
v 6.404657968547105 4.656236648755548 -4.705575294250366
v 8.587344859566745 4.577004692418499 -4.584099029630391
v 6.404657968547105 4.656236648755548 -4.705575294250366
vt 0.322265625 0.90625
vt 0.068359375 0.90625
vt 0.068359375 0.90625
vt 0.322265625 0.90625
vt 0.390625 0.90625
vt 0.322265625 0.90625
vt 0.322265625 0.90625
vt 0.390625 0.90625
vt 0.64453125 0.90625
vt 0.390625 0.90625
vt 0.390625 0.90625
vt 0.64453125 0.90625
vt 0.068359375 0.90625
vt 0 0.90625
vt 0 0.90625
vt 0.068359375 0.90625
vt 0.068359375 0.90625
vt 0.322265625 0.90625
vt 0.322265625 0.974609375
vt 0.068359375 0.974609375
vt 0.322265625 0.974609375
vt 0.576171875 0.974609375
vt 0.576171875 0.90625
vt 0.322265625 0.90625
vn 0.9977997216089782 -0.03622032289693675 0.05553200668341663
vn -0.054393464703914714 0.03169677776587019 0.9980163652349421
vn -0.9977997216089782 0.03622032289693675 -0.05553200668341663
vn 0.054393464703914714 -0.03169677776587019 -0.9980163652349421
vn 0.037908660679973866 0.9988410296381014 -0.029656887175628005
vn -0.037908660679973866 -0.9988410296381014 0.029656887175628005
usemtl m_ee04ce41-02b6-1ab6-19bd-0add19eeaf47
f 756/2260/565 759/2259/565 757/2258/565 754/2257/565
f 755/2264/566 756/2263/566 754/2262/566 753/2261/566
f 760/2268/567 755/2267/567 753/2266/567 758/2265/567
f 759/2272/568 760/2271/568 758/2270/568 757/2269/568
f 758/2276/569 753/2275/569 754/2274/569 757/2273/569
f 759/2280/570 756/2279/570 755/2278/570 760/2277/570
o right_wing_web3
v 12.084502920767905 4.772515041954506 2.3292331046012684
v 13.978819403142928 4.843755564712245 1.3689649896877718
v 12.084502920767905 4.772515041954506 2.3292331046012684
v 13.978819403142928 4.843755564712245 1.3689649896877718
v 10.481661341941768 4.648245215176238 -5.544367144543886
v 8.587344859566745 4.577004692418499 -4.584099029630389
v 10.481661341941768 4.648245215176238 -5.544367144543886
v 8.587344859566745 4.577004692418499 -4.584099029630389
vt 0.310546875 0.552734375
vt 0.068359375 0.552734375
vt 0.068359375 0.552734375
vt 0.310546875 0.552734375
vt 0.376953125 0.552734375
vt 0.310546875 0.552734375
vt 0.310546875 0.552734375
vt 0.376953125 0.552734375
vt 0.619140625 0.552734375
vt 0.376953125 0.552734375
vt 0.376953125 0.552734375
vt 0.619140625 0.552734375
vt 0.068359375 0.552734375
vt 0.001953125 0.552734375
vt 0.001953125 0.552734375
vt 0.068359375 0.552734375
vt 0.068359375 0.552734375
vt 0.310546875 0.552734375
vt 0.310546875 0.619140625
vt 0.068359375 0.619140625
vt 0.310546875 0.619140625
vt 0.552734375 0.619140625
vt 0.552734375 0.552734375
vt 0.310546875 0.552734375
vn 0.891443050529423 0.033524951885994844 -0.4518908776063514
vn 0.45124620144531097 0.025227141875613784 0.8920428560298915
vn -0.891443050529423 -0.033524951885994844 0.4518908776063514
vn -0.45124620144531097 -0.025227141875613784 -0.8920428560298915
vn -0.041305609110318525 0.9991194467699193 -0.007360553117543727
vn 0.041305609110318525 -0.9991194467699193 0.007360553117543727
usemtl m_ee04ce41-02b6-1ab6-19bd-0add19eeaf47
f 764/2284/571 767/2283/571 765/2282/571 762/2281/571
f 763/2288/572 764/2287/572 762/2286/572 761/2285/572
f 768/2292/573 763/2291/573 761/2290/573 766/2289/573
f 767/2296/574 768/2295/574 766/2294/574 765/2293/574
f 766/2300/575 761/2299/575 762/2298/575 765/2297/575
f 767/2304/576 764/2303/576 763/2302/576 768/2301/576
o right_wing_web4
v 10.192860005751632 4.949108917445404 3.2811399725289245
v 12.084502920767905 4.772515041954506 2.3292331046012684
v 10.192860005751632 4.949108917445404 3.2811399725289245
v 12.084502920767905 4.772515041954506 2.3292331046012684
v 8.587344859566743 4.577004692418499 -4.584099029630389
v 6.69570194455047 4.753598567909397 -3.632192161702733
v 8.587344859566743 4.577004692418499 -4.584099029630389
v 6.69570194455047 4.753598567909397 -3.632192161702733
vt 0.310546875 0.482421875
vt 0.068359375 0.482421875
vt 0.068359375 0.482421875
vt 0.310546875 0.482421875
vt 0.376953125 0.482421875
vt 0.310546875 0.482421875
vt 0.310546875 0.482421875
vt 0.376953125 0.482421875
vt 0.619140625 0.482421875
vt 0.376953125 0.482421875
vt 0.376953125 0.482421875
vt 0.619140625 0.482421875
vt 0.068359375 0.482421875
vt 0.001953125 0.482421875
vt 0.001953125 0.482421875
vt 0.068359375 0.482421875
vt 0.068359375 0.482421875
vt 0.310546875 0.482421875
vt 0.310546875 0.548828125
vt 0.068359375 0.548828125
vt 0.310546875 0.548828125
vt 0.552734375 0.548828125
vt 0.552734375 0.482421875
vt 0.310546875 0.482421875
vn 0.8901849011841286 -0.08310300023101061 -0.44795617314242664
vn 0.4512462014453111 0.02522714187561379 0.8920428560298915
vn -0.8901849011841286 0.08310300023101061 0.44795617314242664
vn -0.4512462014453111 -0.02522714187561379 -0.8920428560298915
vn 0.06283078373680245 0.9962216031914748 -0.0599567339806536
vn -0.06283078373680245 -0.9962216031914748 0.0599567339806536
usemtl m_ee04ce41-02b6-1ab6-19bd-0add19eeaf47
f 772/2308/577 775/2307/577 773/2306/577 770/2305/577
f 771/2312/578 772/2311/578 770/2310/578 769/2309/578
f 776/2316/579 771/2315/579 769/2314/579 774/2313/579
f 775/2320/580 776/2319/580 774/2318/580 773/2317/580
f 774/2324/581 769/2323/581 770/2322/581 773/2321/581
f 775/2328/582 772/2327/582 771/2326/582 776/2325/582
o right_wing_web1
v 15.070908112000959 4.670117841366298 -0.3394273705762174
v 16.234469089339612 4.698238194185813 -2.1173362821270967
v 15.070908112000959 4.670117841366298 -0.3394273705762174
v 16.234469089339612 4.698238194185813 -2.1173362821270967
v 9.750905836905394 4.605125045238014 -6.36200794118127
v 8.587344859566745 4.577004692418499 -4.584099029630391
v 9.750905836905394 4.605125045238014 -6.36200794118127
v 8.587344859566745 4.577004692418499 -4.584099029630391
vt 0.310546875 0.693359375
vt 0.068359375 0.693359375
vt 0.068359375 0.693359375
vt 0.310546875 0.693359375
vt 0.376953125 0.693359375
vt 0.310546875 0.693359375
vt 0.310546875 0.693359375
vt 0.376953125 0.693359375
vt 0.619140625 0.693359375
vt 0.376953125 0.693359375
vt 0.376953125 0.693359375
vt 0.619140625 0.693359375
vt 0.068359375 0.693359375
vt 0.001953125 0.693359375
vt 0.001953125 0.693359375
vt 0.068359375 0.693359375
vt 0.068359375 0.693359375
vt 0.310546875 0.693359375
vt 0.310546875 0.759765625
vt 0.068359375 0.759765625
vt 0.310546875 0.759765625
vt 0.552734375 0.759765625
vt 0.552734375 0.693359375
vt 0.310546875 0.693359375
vn 0.5475581069828945 0.01323310720918353 -0.8366630172004136
vn 0.8365888067657051 0.012014599864232091 0.5476995689102157
vn -0.5475581069828945 -0.01323310720918353 0.8366630172004136
vn -0.8365888067657051 -0.012014599864232091 -0.5476995689102157
vn -0.017299938486676544 0.9998402543725137 0.004491977812117611
vn 0.017299938486676544 -0.9998402543725137 -0.004491977812117611
usemtl m_ee04ce41-02b6-1ab6-19bd-0add19eeaf47
f 780/2332/583 783/2331/583 781/2330/583 778/2329/583
f 779/2336/584 780/2335/584 778/2334/584 777/2333/584
f 784/2340/585 779/2339/585 777/2338/585 782/2337/585
f 783/2344/586 784/2343/586 782/2342/586 781/2341/586
f 782/2348/587 777/2347/587 778/2346/587 781/2345/587
f 783/2352/588 780/2351/588 779/2350/588 784/2349/588
o right_wing_web2
v 13.909193752995915 4.846142873602919 1.4311826757376522
v 15.070908112000957 4.670117841366298 -0.3394273705762174
v 13.909193752995915 4.846142873602919 1.4311826757376522
v 15.070908112000957 4.670117841366298 -0.3394273705762174
v 8.587344859566743 4.577004692418499 -4.584099029630391
v 7.4256305005617005 4.7530297246551205 -2.813488983316522
v 8.587344859566743 4.577004692418499 -4.584099029630391
v 7.4256305005617005 4.7530297246551205 -2.813488983316522
vt 0.310546875 0.623046875
vt 0.068359375 0.623046875
vt 0.068359375 0.623046875
vt 0.310546875 0.623046875
vt 0.376953125 0.623046875
vt 0.310546875 0.623046875
vt 0.310546875 0.623046875
vt 0.376953125 0.623046875
vt 0.619140625 0.623046875
vt 0.376953125 0.623046875
vt 0.376953125 0.623046875
vt 0.619140625 0.623046875
vt 0.068359375 0.623046875
vt 0.001953125 0.623046875
vt 0.001953125 0.623046875
vt 0.068359375 0.623046875
vt 0.068359375 0.623046875
vt 0.310546875 0.623046875
vt 0.310546875 0.689453125
vt 0.068359375 0.689453125
vt 0.310546875 0.689453125
vt 0.552734375 0.689453125
vt 0.552734375 0.623046875
vt 0.310546875 0.623046875
vn 0.54668911012002 -0.08283530928782208 -0.8332282570888794
vn 0.8365888067657054 0.012014599864232076 0.5476995689102157
vn -0.54668911012002 0.08283530928782208 0.8332282570888794
vn -0.8365888067657054 -0.012014599864232076 -0.5476995689102157
vn 0.03535795908299017 0.996490823302098 -0.07586734346339236
vn -0.03535795908299017 -0.996490823302098 0.07586734346339236
usemtl m_ee04ce41-02b6-1ab6-19bd-0add19eeaf47
f 788/2356/589 791/2355/589 789/2354/589 786/2353/589
f 787/2360/590 788/2359/590 786/2358/590 785/2357/590
f 792/2364/591 787/2363/591 785/2362/591 790/2361/591
f 791/2368/592 792/2367/592 790/2366/592 789/2365/592
f 790/2372/593 785/2371/593 786/2370/593 789/2369/593
f 791/2376/594 788/2375/594 787/2374/594 792/2373/594
o right_wing_web0
v 16.205242008847407 4.70120646068351 -2.028645656206928
v 16.324783411756727 4.542775801659369 -4.1443570210371234
v 16.205242008847407 4.70120646068351 -2.028645656206928
v 16.324783411756727 4.542775801659369 -4.1443570210371234
v 8.587344859566743 4.577004692418499 -4.584099029630389
v 8.46780345665743 4.735435351442639 -2.468387664800193
v 8.587344859566743 4.577004692418499 -4.584099029630389
v 8.46780345665743 4.735435351442639 -2.468387664800193
vt 0.310546875 0.763671875
vt 0.068359375 0.763671875
vt 0.068359375 0.763671875
vt 0.310546875 0.763671875
vt 0.376953125 0.763671875
vt 0.310546875 0.763671875
vt 0.310546875 0.763671875
vt 0.376953125 0.763671875
vt 0.619140625 0.763671875
vt 0.376953125 0.763671875
vt 0.376953125 0.763671875
vt 0.619140625 0.763671875
vt 0.068359375 0.763671875
vt 0.001953125 0.763671875
vt 0.001953125 0.763671875
vt 0.068359375 0.763671875
vt 0.068359375 0.763671875
vt 0.310546875 0.763671875
vt 0.310546875 0.830078125
vt 0.068359375 0.830078125
vt 0.310546875 0.830078125
vt 0.552734375 0.830078125
vt 0.552734375 0.763671875
vt 0.310546875 0.763671875
vn 0.056254777839676764 -0.07455560424665446 -0.995628877567151
vn 0.9983791680245135 -0.004416631065694154 0.05674090433461479
vn -0.056254777839676764 0.07455560424665446 0.995628877567151
vn -0.9983791680245135 0.004416631065694154 -0.05674090433461479
vn 0.008627677838734138 0.9972070774144386 -0.07418630553993931
vn -0.008627677838734138 -0.9972070774144386 0.07418630553993931
usemtl m_ee04ce41-02b6-1ab6-19bd-0add19eeaf47
f 796/2380/595 799/2379/595 797/2378/595 794/2377/595
f 795/2384/596 796/2383/596 794/2382/596 793/2381/596
f 800/2388/597 795/2387/597 793/2386/597 798/2385/597
f 799/2392/598 800/2391/598 798/2390/598 797/2389/598
f 798/2396/599 793/2395/599 794/2394/599 797/2393/599
f 799/2400/600 796/2399/600 795/2398/600 800/2397/600
o right_wing_root_web
v 0.9944447222245894 4.547773463607365 2.2616577591355576
v 1.183944735869605 4.43683868538916 -1.2314473380251643
v 0.3638798570737818 3.1867787228207645 2.2706725463518813
v 0.5533798707187974 3.0758439446025587 -1.2224325508088405
v 1.183944735869605 4.43683868538916 -1.2314473380251643
v 0.9944447222245894 4.547773463607365 2.2616577591355576
v 0.5533798707187974 3.0758439446025587 -1.2224325508088405
v 0.3638798570737818 3.1867787228207645 2.2706725463518813
vt 0.689453125 0.88671875
vt 0.689453125 0.88671875
vt 0.689453125 0.83984375
vt 0.689453125 0.83984375
vt 0.798828125 0.88671875
vt 0.689453125 0.88671875
vt 0.689453125 0.83984375
vt 0.798828125 0.83984375
vt 0.798828125 0.88671875
vt 0.798828125 0.88671875
vt 0.798828125 0.83984375
vt 0.798828125 0.83984375
vt 0.689453125 0.88671875
vt 0.580078125 0.88671875
vt 0.580078125 0.83984375
vt 0.689453125 0.83984375
vt 0.689453125 0.88671875
vt 0.689453125 0.88671875
vt 0.689453125 0.99609375
vt 0.689453125 0.99609375
vt 0.689453125 0.99609375
vt 0.689453125 0.99609375
vt 0.689453125 0.88671875
vt 0.689453125 0.88671875
vn 0.05414286104143305 -0.031695650919487214 -0.9980300277602063
vn 0.905732898984979 -0.4192230556663334 0.06244954198429578
vn -0.05414286104143305 0.031695650919487214 0.9980300277602063
vn -0.905732898984979 0.4192230556663334 -0.06244954198429578
vn 0.4203765767672052 0.9073298271910676 -0.006009858144215832
vn -0.4203765767672052 -0.9073298271910676 0.006009858144215832
usemtl m_ee04ce41-02b6-1ab6-19bd-0add19eeaf47
f 804/2404/601 807/2403/601 805/2402/601 802/2401/601
f 803/2408/602 804/2407/602 802/2406/602 801/2405/602
f 808/2412/603 803/2411/603 801/2410/603 806/2409/603
f 807/2416/604 808/2415/604 806/2414/604 805/2413/604
f 806/2420/605 801/2419/605 802/2418/605 805/2417/605
f 807/2424/606 804/2423/606 803/2422/606 808/2421/606